-- MySQL dump 10.13  Distrib 8.0.33, for Win64 (x86_64)
--
-- Host: localhost    Database: cs_22162171020
-- ------------------------------------------------------
-- Server version	8.0.33

/*!40101 SET @OLD_CHARACTER_SET_CLIENT=@@CHARACTER_SET_CLIENT */;
/*!40101 SET @OLD_CHARACTER_SET_RESULTS=@@CHARACTER_SET_RESULTS */;
/*!40101 SET @OLD_COLLATION_CONNECTION=@@COLLATION_CONNECTION */;
/*!50503 SET NAMES utf8 */;
/*!40103 SET @OLD_TIME_ZONE=@@TIME_ZONE */;
/*!40103 SET TIME_ZONE='+00:00' */;
/*!40014 SET @OLD_UNIQUE_CHECKS=@@UNIQUE_CHECKS, UNIQUE_CHECKS=0 */;
/*!40014 SET @OLD_FOREIGN_KEY_CHECKS=@@FOREIGN_KEY_CHECKS, FOREIGN_KEY_CHECKS=0 */;
/*!40101 SET @OLD_SQL_MODE=@@SQL_MODE, SQL_MODE='NO_AUTO_VALUE_ON_ZERO' */;
/*!40111 SET @OLD_SQL_NOTES=@@SQL_NOTES, SQL_NOTES=0 */;

--
-- Table structure for table `actor`
--

DROP TABLE IF EXISTS `actor`;
/*!40101 SET @saved_cs_client     = @@character_set_client */;
/*!50503 SET character_set_client = utf8mb4 */;
CREATE TABLE `actor` (
  `actor_id` smallint unsigned NOT NULL AUTO_INCREMENT,
  `first_name` varchar(45) NOT NULL,
  `last_name` varchar(45) NOT NULL,
  `last_update` timestamp NOT NULL DEFAULT CURRENT_TIMESTAMP ON UPDATE CURRENT_TIMESTAMP,
  PRIMARY KEY (`actor_id`),
  KEY `idx_actor_last_name` (`last_name`)
) ENGINE=InnoDB AUTO_INCREMENT=201 DEFAULT CHARSET=utf8mb4 COLLATE=utf8mb4_0900_ai_ci;
/*!40101 SET character_set_client = @saved_cs_client */;

--
-- Dumping data for table `actor`
--

LOCK TABLES `actor` WRITE;
/*!40000 ALTER TABLE `actor` DISABLE KEYS */;
INSERT INTO `actor` VALUES (1,'PENELOPE','GUINESS','2006-02-14 17:34:33'),(2,'NICK','WAHLBERG','2006-02-14 17:34:33'),(3,'ED','CHASE','2006-02-14 17:34:33'),(4,'JENNIFER','DAVIS','2006-02-14 17:34:33'),(5,'JOHNNY','LOLLOBRIGIDA','2006-02-14 17:34:33'),(6,'BETTE','NICHOLSON','2006-02-14 17:34:33'),(7,'GRACE','MOSTEL','2006-02-14 17:34:33'),(8,'MATTHEW','JOHANSSON','2006-02-14 17:34:33'),(9,'JOE','SWANK','2006-02-14 17:34:33'),(10,'CHRISTIAN','GABLE','2006-02-14 17:34:33'),(11,'ZERO','CAGE','2006-02-14 17:34:33'),(12,'KARL','BERRY','2006-02-14 17:34:33'),(13,'UMA','WOOD','2006-02-14 17:34:33'),(14,'VIVIEN','BERGEN','2006-02-14 17:34:33'),(15,'CUBA','OLIVIER','2006-02-14 17:34:33'),(16,'FRED','COSTNER','2006-02-14 17:34:33'),(17,'HELEN','VOIGHT','2006-02-14 17:34:33'),(18,'DAN','TORN','2006-02-14 17:34:33'),(19,'BOB','FAWCETT','2006-02-14 17:34:33'),(20,'LUCILLE','TRACY','2006-02-14 17:34:33'),(21,'KIRSTEN','PALTROW','2006-02-14 17:34:33'),(22,'ELVIS','MARX','2006-02-14 17:34:33'),(23,'SANDRA','KILMER','2006-02-14 17:34:33'),(24,'CAMERON','STREEP','2006-02-14 17:34:33'),(25,'KEVIN','BLOOM','2006-02-14 17:34:33'),(26,'RIP','CRAWFORD','2006-02-14 17:34:33'),(27,'JULIA','MCQUEEN','2006-02-14 17:34:33'),(28,'WOODY','HOFFMAN','2006-02-14 17:34:33'),(29,'ALEC','WAYNE','2006-02-14 17:34:33'),(30,'SANDRA','PECK','2006-02-14 17:34:33'),(31,'SISSY','SOBIESKI','2006-02-14 17:34:33'),(32,'TIM','HACKMAN','2006-02-14 17:34:33'),(33,'MILLA','PECK','2006-02-14 17:34:33'),(34,'AUDREY','OLIVIER','2006-02-14 17:34:33'),(35,'JUDY','DEAN','2006-02-14 17:34:33'),(36,'BURT','DUKAKIS','2006-02-14 17:34:33'),(37,'VAL','BOLGER','2006-02-14 17:34:33'),(38,'TOM','MCKELLEN','2006-02-14 17:34:33'),(39,'GOLDIE','BRODY','2006-02-14 17:34:33'),(40,'JOHNNY','CAGE','2006-02-14 17:34:33'),(41,'JODIE','DEGENERES','2006-02-14 17:34:33'),(42,'TOM','MIRANDA','2006-02-14 17:34:33'),(43,'KIRK','JOVOVICH','2006-02-14 17:34:33'),(44,'NICK','STALLONE','2006-02-14 17:34:33'),(45,'REESE','KILMER','2006-02-14 17:34:33'),(46,'PARKER','GOLDBERG','2006-02-14 17:34:33'),(47,'JULIA','BARRYMORE','2006-02-14 17:34:33'),(48,'FRANCES','DAY-LEWIS','2006-02-14 17:34:33'),(49,'ANNE','CRONYN','2006-02-14 17:34:33'),(50,'NATALIE','HOPKINS','2006-02-14 17:34:33'),(51,'GARY','PHOENIX','2006-02-14 17:34:33'),(52,'CARMEN','HUNT','2006-02-14 17:34:33'),(53,'MENA','TEMPLE','2006-02-14 17:34:33'),(54,'PENELOPE','PINKETT','2006-02-14 17:34:33'),(55,'FAY','KILMER','2006-02-14 17:34:33'),(56,'DAN','HARRIS','2006-02-14 17:34:33'),(57,'JUDE','CRUISE','2006-02-14 17:34:33'),(58,'CHRISTIAN','AKROYD','2006-02-14 17:34:33'),(59,'DUSTIN','TAUTOU','2006-02-14 17:34:33'),(60,'HENRY','BERRY','2006-02-14 17:34:33'),(61,'CHRISTIAN','NEESON','2006-02-14 17:34:33'),(62,'JAYNE','NEESON','2006-02-14 17:34:33'),(63,'CAMERON','WRAY','2006-02-14 17:34:33'),(64,'RAY','JOHANSSON','2006-02-14 17:34:33'),(65,'ANGELA','HUDSON','2006-02-14 17:34:33'),(66,'MARY','TANDY','2006-02-14 17:34:33'),(67,'JESSICA','BAILEY','2006-02-14 17:34:33'),(68,'RIP','WINSLET','2006-02-14 17:34:33'),(69,'KENNETH','PALTROW','2006-02-14 17:34:33'),(70,'MICHELLE','MCCONAUGHEY','2006-02-14 17:34:33'),(71,'ADAM','GRANT','2006-02-14 17:34:33'),(72,'SEAN','WILLIAMS','2006-02-14 17:34:33'),(73,'GARY','PENN','2006-02-14 17:34:33'),(74,'MILLA','KEITEL','2006-02-14 17:34:33'),(75,'BURT','POSEY','2006-02-14 17:34:33'),(76,'ANGELINA','ASTAIRE','2006-02-14 17:34:33'),(77,'CARY','MCCONAUGHEY','2006-02-14 17:34:33'),(78,'GROUCHO','SINATRA','2006-02-14 17:34:33'),(79,'MAE','HOFFMAN','2006-02-14 17:34:33'),(80,'RALPH','CRUZ','2006-02-14 17:34:33'),(81,'SCARLETT','DAMON','2006-02-14 17:34:33'),(82,'WOODY','JOLIE','2006-02-14 17:34:33'),(83,'BEN','WILLIS','2006-02-14 17:34:33'),(84,'JAMES','PITT','2006-02-14 17:34:33'),(85,'MINNIE','ZELLWEGER','2006-02-14 17:34:33'),(86,'GREG','CHAPLIN','2006-02-14 17:34:33'),(87,'SPENCER','PECK','2006-02-14 17:34:33'),(88,'KENNETH','PESCI','2006-02-14 17:34:33'),(89,'CHARLIZE','DENCH','2006-02-14 17:34:33'),(90,'SEAN','GUINESS','2006-02-14 17:34:33'),(91,'CHRISTOPHER','BERRY','2006-02-14 17:34:33'),(92,'KIRSTEN','AKROYD','2006-02-14 17:34:33'),(93,'ELLEN','PRESLEY','2006-02-14 17:34:33'),(94,'KENNETH','TORN','2006-02-14 17:34:33'),(95,'DARYL','WAHLBERG','2006-02-14 17:34:33'),(96,'GENE','WILLIS','2006-02-14 17:34:33'),(97,'MEG','HAWKE','2006-02-14 17:34:33'),(98,'CHRIS','BRIDGES','2006-02-14 17:34:33'),(99,'JIM','MOSTEL','2006-02-14 17:34:33'),(100,'SPENCER','DEPP','2006-02-14 17:34:33'),(101,'SUSAN','DAVIS','2006-02-14 17:34:33'),(102,'WALTER','TORN','2006-02-14 17:34:33'),(103,'MATTHEW','LEIGH','2006-02-14 17:34:33'),(104,'PENELOPE','CRONYN','2006-02-14 17:34:33'),(105,'SIDNEY','CROWE','2006-02-14 17:34:33'),(106,'GROUCHO','DUNST','2006-02-14 17:34:33'),(107,'GINA','DEGENERES','2006-02-14 17:34:33'),(108,'WARREN','NOLTE','2006-02-14 17:34:33'),(109,'SYLVESTER','DERN','2006-02-14 17:34:33'),(110,'SUSAN','DAVIS','2006-02-14 17:34:33'),(111,'CAMERON','ZELLWEGER','2006-02-14 17:34:33'),(112,'RUSSELL','BACALL','2006-02-14 17:34:33'),(113,'MORGAN','HOPKINS','2006-02-14 17:34:33'),(114,'MORGAN','MCDORMAND','2006-02-14 17:34:33'),(115,'HARRISON','BALE','2006-02-14 17:34:33'),(116,'DAN','STREEP','2006-02-14 17:34:33'),(117,'RENEE','TRACY','2006-02-14 17:34:33'),(118,'CUBA','ALLEN','2006-02-14 17:34:33'),(119,'WARREN','JACKMAN','2006-02-14 17:34:33'),(120,'PENELOPE','MONROE','2006-02-14 17:34:33'),(121,'LIZA','BERGMAN','2006-02-14 17:34:33'),(122,'SALMA','NOLTE','2006-02-14 17:34:33'),(123,'JULIANNE','DENCH','2006-02-14 17:34:33'),(124,'SCARLETT','BENING','2006-02-14 17:34:33'),(125,'ALBERT','NOLTE','2006-02-14 17:34:33'),(126,'FRANCES','TOMEI','2006-02-14 17:34:33'),(127,'KEVIN','GARLAND','2006-02-14 17:34:33'),(128,'CATE','MCQUEEN','2006-02-14 17:34:33'),(129,'DARYL','CRAWFORD','2006-02-14 17:34:33'),(130,'GRETA','KEITEL','2006-02-14 17:34:33'),(131,'JANE','JACKMAN','2006-02-14 17:34:33'),(132,'ADAM','HOPPER','2006-02-14 17:34:33'),(133,'RICHARD','PENN','2006-02-14 17:34:33'),(134,'GENE','HOPKINS','2006-02-14 17:34:33'),(135,'RITA','REYNOLDS','2006-02-14 17:34:33'),(136,'ED','MANSFIELD','2006-02-14 17:34:33'),(137,'MORGAN','WILLIAMS','2006-02-14 17:34:33'),(138,'LUCILLE','DEE','2006-02-14 17:34:33'),(139,'EWAN','GOODING','2006-02-14 17:34:33'),(140,'WHOOPI','HURT','2006-02-14 17:34:33'),(141,'CATE','HARRIS','2006-02-14 17:34:33'),(142,'JADA','RYDER','2006-02-14 17:34:33'),(143,'RIVER','DEAN','2006-02-14 17:34:33'),(144,'ANGELA','WITHERSPOON','2006-02-14 17:34:33'),(145,'KIM','ALLEN','2006-02-14 17:34:33'),(146,'ALBERT','JOHANSSON','2006-02-14 17:34:33'),(147,'FAY','WINSLET','2006-02-14 17:34:33'),(148,'EMILY','DEE','2006-02-14 17:34:33'),(149,'RUSSELL','TEMPLE','2006-02-14 17:34:33'),(150,'JAYNE','NOLTE','2006-02-14 17:34:33'),(151,'GEOFFREY','HESTON','2006-02-14 17:34:33'),(152,'BEN','HARRIS','2006-02-14 17:34:33'),(153,'MINNIE','KILMER','2006-02-14 17:34:33'),(154,'MERYL','GIBSON','2006-02-14 17:34:33'),(155,'IAN','TANDY','2006-02-14 17:34:33'),(156,'FAY','WOOD','2006-02-14 17:34:33'),(157,'GRETA','MALDEN','2006-02-14 17:34:33'),(158,'VIVIEN','BASINGER','2006-02-14 17:34:33'),(159,'LAURA','BRODY','2006-02-14 17:34:33'),(160,'CHRIS','DEPP','2006-02-14 17:34:33'),(161,'HARVEY','HOPE','2006-02-14 17:34:33'),(162,'OPRAH','KILMER','2006-02-14 17:34:33'),(163,'CHRISTOPHER','WEST','2006-02-14 17:34:33'),(164,'HUMPHREY','WILLIS','2006-02-14 17:34:33'),(165,'AL','GARLAND','2006-02-14 17:34:33'),(166,'NICK','DEGENERES','2006-02-14 17:34:33'),(167,'LAURENCE','BULLOCK','2006-02-14 17:34:33'),(168,'WILL','WILSON','2006-02-14 17:34:33'),(169,'KENNETH','HOFFMAN','2006-02-14 17:34:33'),(170,'MENA','HOPPER','2006-02-14 17:34:33'),(171,'OLYMPIA','PFEIFFER','2006-02-14 17:34:33'),(172,'GROUCHO','WILLIAMS','2006-02-14 17:34:33'),(173,'ALAN','DREYFUSS','2006-02-14 17:34:33'),(174,'MICHAEL','BENING','2006-02-14 17:34:33'),(175,'WILLIAM','HACKMAN','2006-02-14 17:34:33'),(176,'JON','CHASE','2006-02-14 17:34:33'),(177,'GENE','MCKELLEN','2006-02-14 17:34:33'),(178,'LISA','MONROE','2006-02-14 17:34:33'),(179,'ED','GUINESS','2006-02-14 17:34:33'),(180,'JEFF','SILVERSTONE','2006-02-14 17:34:33'),(181,'MATTHEW','CARREY','2006-02-14 17:34:33'),(182,'DEBBIE','AKROYD','2006-02-14 17:34:33'),(183,'RUSSELL','CLOSE','2006-02-14 17:34:33'),(184,'HUMPHREY','GARLAND','2006-02-14 17:34:33'),(185,'MICHAEL','BOLGER','2006-02-14 17:34:33'),(186,'JULIA','ZELLWEGER','2006-02-14 17:34:33'),(187,'RENEE','BALL','2006-02-14 17:34:33'),(188,'ROCK','DUKAKIS','2006-02-14 17:34:33'),(189,'CUBA','BIRCH','2006-02-14 17:34:33'),(190,'AUDREY','BAILEY','2006-02-14 17:34:33'),(191,'GREGORY','GOODING','2006-02-14 17:34:33'),(192,'JOHN','SUVARI','2006-02-14 17:34:33'),(193,'BURT','TEMPLE','2006-02-14 17:34:33'),(194,'MERYL','ALLEN','2006-02-14 17:34:33'),(195,'JAYNE','SILVERSTONE','2006-02-14 17:34:33'),(196,'BELA','WALKEN','2006-02-14 17:34:33'),(197,'REESE','WEST','2006-02-14 17:34:33'),(198,'MARY','KEITEL','2006-02-14 17:34:33'),(199,'JULIA','FAWCETT','2006-02-14 17:34:33'),(200,'THORA','TEMPLE','2006-02-14 17:34:33');
/*!40000 ALTER TABLE `actor` ENABLE KEYS */;
UNLOCK TABLES;

--
-- Temporary view structure for view `actorview`
--

DROP TABLE IF EXISTS `actorview`;
/*!50001 DROP VIEW IF EXISTS `actorview`*/;
SET @saved_cs_client     = @@character_set_client;
/*!50503 SET character_set_client = utf8mb4 */;
/*!50001 CREATE VIEW `actorview` AS SELECT 
 1 AS `Actor_id`,
 1 AS `First_name`,
 1 AS `Last_name`,
 1 AS `Last_update`*/;
SET character_set_client = @saved_cs_client;

--
-- Table structure for table `address`
--

DROP TABLE IF EXISTS `address`;
/*!40101 SET @saved_cs_client     = @@character_set_client */;
/*!50503 SET character_set_client = utf8mb4 */;
CREATE TABLE `address` (
  `address_id` smallint unsigned NOT NULL AUTO_INCREMENT,
  `address` varchar(50) NOT NULL,
  `address2` varchar(50) DEFAULT NULL,
  `district` varchar(20) NOT NULL,
  `city_id` smallint unsigned NOT NULL,
  `postal_code` varchar(10) DEFAULT NULL,
  `phone` varchar(20) NOT NULL,
  `location` geometry NOT NULL /*!80003 SRID 0 */,
  `last_update` timestamp NOT NULL DEFAULT CURRENT_TIMESTAMP ON UPDATE CURRENT_TIMESTAMP,
  PRIMARY KEY (`address_id`),
  KEY `idx_fk_city_id` (`city_id`),
  SPATIAL KEY `idx_location` (`location`),
  CONSTRAINT `fk_address_city` FOREIGN KEY (`city_id`) REFERENCES `city` (`city_id`) ON DELETE RESTRICT ON UPDATE CASCADE
) ENGINE=InnoDB AUTO_INCREMENT=606 DEFAULT CHARSET=utf8mb4 COLLATE=utf8mb4_0900_ai_ci;
/*!40101 SET character_set_client = @saved_cs_client */;

--
-- Dumping data for table `address`
--

LOCK TABLES `address` WRITE;
/*!40000 ALTER TABLE `address` DISABLE KEYS */;
/*!40000 ALTER TABLE `address` ENABLE KEYS */;
UNLOCK TABLES;

--
-- Table structure for table `audit_language_update`
--

DROP TABLE IF EXISTS `audit_language_update`;
/*!40101 SET @saved_cs_client     = @@character_set_client */;
/*!50503 SET character_set_client = utf8mb4 */;
CREATE TABLE `audit_language_update` (
  `language_id` tinyint DEFAULT NULL,
  `name` char(20) DEFAULT NULL,
  `last_update` timestamp NULL DEFAULT NULL,
  `status` char(20) DEFAULT NULL,
  CONSTRAINT `audit_language_update_chk_1` CHECK ((`status` in (_cp850'Before Update',_cp850'After Update')))
) ENGINE=InnoDB DEFAULT CHARSET=utf8mb4 COLLATE=utf8mb4_0900_ai_ci;
/*!40101 SET character_set_client = @saved_cs_client */;

--
-- Dumping data for table `audit_language_update`
--

LOCK TABLES `audit_language_update` WRITE;
/*!40000 ALTER TABLE `audit_language_update` DISABLE KEYS */;
/*!40000 ALTER TABLE `audit_language_update` ENABLE KEYS */;
UNLOCK TABLES;

--
-- Table structure for table `category`
--

DROP TABLE IF EXISTS `category`;
/*!40101 SET @saved_cs_client     = @@character_set_client */;
/*!50503 SET character_set_client = utf8mb4 */;
CREATE TABLE `category` (
  `category_id` tinyint unsigned NOT NULL AUTO_INCREMENT,
  `name` varchar(25) NOT NULL,
  `last_update` timestamp NOT NULL DEFAULT CURRENT_TIMESTAMP ON UPDATE CURRENT_TIMESTAMP,
  PRIMARY KEY (`category_id`)
) ENGINE=InnoDB AUTO_INCREMENT=17 DEFAULT CHARSET=utf8mb4 COLLATE=utf8mb4_0900_ai_ci;
/*!40101 SET character_set_client = @saved_cs_client */;

--
-- Dumping data for table `category`
--

LOCK TABLES `category` WRITE;
/*!40000 ALTER TABLE `category` DISABLE KEYS */;
INSERT INTO `category` VALUES (1,'Action','2006-02-14 17:46:27'),(2,'Animation','2006-02-14 17:46:27'),(3,'Children','2006-02-14 17:46:27'),(4,'Classics','2006-02-14 17:46:27'),(5,'Comedy','2006-02-14 17:46:27'),(6,'Documentary','2006-02-14 17:46:27'),(7,'Drama','2006-02-14 17:46:27'),(8,'Family','2006-02-14 17:46:27'),(9,'Foreign','2006-02-14 17:46:27'),(10,'Games','2006-02-14 17:46:27'),(11,'Horror','2006-02-14 17:46:27'),(12,'Music','2006-02-14 17:46:27'),(13,'New','2006-02-14 17:46:27'),(14,'Sci-Fi','2006-02-14 17:46:27'),(15,'Sports','2006-02-14 17:46:27'),(16,'Travel','2006-02-14 17:46:27');
/*!40000 ALTER TABLE `category` ENABLE KEYS */;
UNLOCK TABLES;

--
-- Table structure for table `city`
--

DROP TABLE IF EXISTS `city`;
/*!40101 SET @saved_cs_client     = @@character_set_client */;
/*!50503 SET character_set_client = utf8mb4 */;
CREATE TABLE `city` (
  `city_id` smallint unsigned NOT NULL AUTO_INCREMENT,
  `city` varchar(50) NOT NULL,
  `country_id` smallint unsigned NOT NULL,
  `last_update` timestamp NOT NULL DEFAULT CURRENT_TIMESTAMP ON UPDATE CURRENT_TIMESTAMP,
  PRIMARY KEY (`city_id`),
  KEY `idx_fk_country_id` (`country_id`),
  CONSTRAINT `fk_city_country` FOREIGN KEY (`country_id`) REFERENCES `country` (`country_id`) ON DELETE RESTRICT ON UPDATE CASCADE
) ENGINE=InnoDB AUTO_INCREMENT=601 DEFAULT CHARSET=utf8mb4 COLLATE=utf8mb4_0900_ai_ci;
/*!40101 SET character_set_client = @saved_cs_client */;

--
-- Dumping data for table `city`
--

LOCK TABLES `city` WRITE;
/*!40000 ALTER TABLE `city` DISABLE KEYS */;
INSERT INTO `city` VALUES (1,'A Corua (La Corua)',87,'2006-02-14 17:45:25'),(2,'Abha',82,'2006-02-14 17:45:25'),(3,'Abu Dhabi',101,'2006-02-14 17:45:25'),(4,'Acua',60,'2006-02-14 17:45:25'),(5,'Adana',97,'2006-02-14 17:45:25'),(6,'Addis Abeba',31,'2006-02-14 17:45:25'),(7,'Aden',107,'2006-02-14 17:45:25'),(8,'Adoni',44,'2006-02-14 17:45:25'),(9,'Ahmadnagar',44,'2006-02-14 17:45:25'),(10,'Akishima',50,'2006-02-14 17:45:25'),(11,'Akron',103,'2006-02-14 17:45:25'),(12,'al-Ayn',101,'2006-02-14 17:45:25'),(13,'al-Hawiya',82,'2006-02-14 17:45:25'),(14,'al-Manama',11,'2006-02-14 17:45:25'),(15,'al-Qadarif',89,'2006-02-14 17:45:25'),(16,'al-Qatif',82,'2006-02-14 17:45:25'),(17,'Alessandria',49,'2006-02-14 17:45:25'),(18,'Allappuzha (Alleppey)',44,'2006-02-14 17:45:25'),(19,'Allende',60,'2006-02-14 17:45:25'),(20,'Almirante Brown',6,'2006-02-14 17:45:25'),(21,'Alvorada',15,'2006-02-14 17:45:25'),(22,'Ambattur',44,'2006-02-14 17:45:25'),(23,'Amersfoort',67,'2006-02-14 17:45:25'),(24,'Amroha',44,'2006-02-14 17:45:25'),(25,'Angra dos Reis',15,'2006-02-14 17:45:25'),(26,'Anpolis',15,'2006-02-14 17:45:25'),(27,'Antofagasta',22,'2006-02-14 17:45:25'),(28,'Aparecida de Goinia',15,'2006-02-14 17:45:25'),(29,'Apeldoorn',67,'2006-02-14 17:45:25'),(30,'Araatuba',15,'2006-02-14 17:45:25'),(31,'Arak',46,'2006-02-14 17:45:25'),(32,'Arecibo',77,'2006-02-14 17:45:25'),(33,'Arlington',103,'2006-02-14 17:45:25'),(34,'Ashdod',48,'2006-02-14 17:45:25'),(35,'Ashgabat',98,'2006-02-14 17:45:25'),(36,'Ashqelon',48,'2006-02-14 17:45:25'),(37,'Asuncin',73,'2006-02-14 17:45:25'),(38,'Athenai',39,'2006-02-14 17:45:25'),(39,'Atinsk',80,'2006-02-14 17:45:25'),(40,'Atlixco',60,'2006-02-14 17:45:25'),(41,'Augusta-Richmond County',103,'2006-02-14 17:45:25'),(42,'Aurora',103,'2006-02-14 17:45:25'),(43,'Avellaneda',6,'2006-02-14 17:45:25'),(44,'Bag',15,'2006-02-14 17:45:25'),(45,'Baha Blanca',6,'2006-02-14 17:45:25'),(46,'Baicheng',23,'2006-02-14 17:45:25'),(47,'Baiyin',23,'2006-02-14 17:45:25'),(48,'Baku',10,'2006-02-14 17:45:25'),(49,'Balaiha',80,'2006-02-14 17:45:25'),(50,'Balikesir',97,'2006-02-14 17:45:25'),(51,'Balurghat',44,'2006-02-14 17:45:25'),(52,'Bamenda',19,'2006-02-14 17:45:25'),(53,'Bandar Seri Begawan',16,'2006-02-14 17:45:25'),(54,'Banjul',37,'2006-02-14 17:45:25'),(55,'Barcelona',104,'2006-02-14 17:45:25'),(56,'Basel',91,'2006-02-14 17:45:25'),(57,'Bat Yam',48,'2006-02-14 17:45:25'),(58,'Batman',97,'2006-02-14 17:45:25'),(59,'Batna',2,'2006-02-14 17:45:25'),(60,'Battambang',18,'2006-02-14 17:45:25'),(61,'Baybay',75,'2006-02-14 17:45:25'),(62,'Bayugan',75,'2006-02-14 17:45:25'),(63,'Bchar',2,'2006-02-14 17:45:25'),(64,'Beira',63,'2006-02-14 17:45:25'),(65,'Bellevue',103,'2006-02-14 17:45:25'),(66,'Belm',15,'2006-02-14 17:45:25'),(67,'Benguela',4,'2006-02-14 17:45:25'),(68,'Beni-Mellal',62,'2006-02-14 17:45:25'),(69,'Benin City',69,'2006-02-14 17:45:25'),(70,'Bergamo',49,'2006-02-14 17:45:25'),(71,'Berhampore (Baharampur)',44,'2006-02-14 17:45:25'),(72,'Bern',91,'2006-02-14 17:45:25'),(73,'Bhavnagar',44,'2006-02-14 17:45:25'),(74,'Bhilwara',44,'2006-02-14 17:45:25'),(75,'Bhimavaram',44,'2006-02-14 17:45:25'),(76,'Bhopal',44,'2006-02-14 17:45:25'),(77,'Bhusawal',44,'2006-02-14 17:45:25'),(78,'Bijapur',44,'2006-02-14 17:45:25'),(79,'Bilbays',29,'2006-02-14 17:45:25'),(80,'Binzhou',23,'2006-02-14 17:45:25'),(81,'Birgunj',66,'2006-02-14 17:45:25'),(82,'Bislig',75,'2006-02-14 17:45:25'),(83,'Blumenau',15,'2006-02-14 17:45:25'),(84,'Boa Vista',15,'2006-02-14 17:45:25'),(85,'Boksburg',85,'2006-02-14 17:45:25'),(86,'Botosani',78,'2006-02-14 17:45:25'),(87,'Botshabelo',85,'2006-02-14 17:45:25'),(88,'Bradford',102,'2006-02-14 17:45:25'),(89,'Braslia',15,'2006-02-14 17:45:25'),(90,'Bratislava',84,'2006-02-14 17:45:25'),(91,'Brescia',49,'2006-02-14 17:45:25'),(92,'Brest',34,'2006-02-14 17:45:25'),(93,'Brindisi',49,'2006-02-14 17:45:25'),(94,'Brockton',103,'2006-02-14 17:45:25'),(95,'Bucuresti',78,'2006-02-14 17:45:25'),(96,'Buenaventura',24,'2006-02-14 17:45:25'),(97,'Bydgoszcz',76,'2006-02-14 17:45:25'),(98,'Cabuyao',75,'2006-02-14 17:45:25'),(99,'Callao',74,'2006-02-14 17:45:25'),(100,'Cam Ranh',105,'2006-02-14 17:45:25'),(101,'Cape Coral',103,'2006-02-14 17:45:25'),(102,'Caracas',104,'2006-02-14 17:45:25'),(103,'Carmen',60,'2006-02-14 17:45:25'),(104,'Cavite',75,'2006-02-14 17:45:25'),(105,'Cayenne',35,'2006-02-14 17:45:25'),(106,'Celaya',60,'2006-02-14 17:45:25'),(107,'Chandrapur',44,'2006-02-14 17:45:25'),(108,'Changhwa',92,'2006-02-14 17:45:25'),(109,'Changzhou',23,'2006-02-14 17:45:25'),(110,'Chapra',44,'2006-02-14 17:45:25'),(111,'Charlotte Amalie',106,'2006-02-14 17:45:25'),(112,'Chatsworth',85,'2006-02-14 17:45:25'),(113,'Cheju',86,'2006-02-14 17:45:25'),(114,'Chiayi',92,'2006-02-14 17:45:25'),(115,'Chisinau',61,'2006-02-14 17:45:25'),(116,'Chungho',92,'2006-02-14 17:45:25'),(117,'Cianjur',45,'2006-02-14 17:45:25'),(118,'Ciomas',45,'2006-02-14 17:45:25'),(119,'Ciparay',45,'2006-02-14 17:45:25'),(120,'Citrus Heights',103,'2006-02-14 17:45:25'),(121,'Citt del Vaticano',41,'2006-02-14 17:45:25'),(122,'Ciudad del Este',73,'2006-02-14 17:45:25'),(123,'Clarksville',103,'2006-02-14 17:45:25'),(124,'Coacalco de Berriozbal',60,'2006-02-14 17:45:25'),(125,'Coatzacoalcos',60,'2006-02-14 17:45:25'),(126,'Compton',103,'2006-02-14 17:45:25'),(127,'Coquimbo',22,'2006-02-14 17:45:25'),(128,'Crdoba',6,'2006-02-14 17:45:25'),(129,'Cuauhtmoc',60,'2006-02-14 17:45:25'),(130,'Cuautla',60,'2006-02-14 17:45:25'),(131,'Cuernavaca',60,'2006-02-14 17:45:25'),(132,'Cuman',104,'2006-02-14 17:45:25'),(133,'Czestochowa',76,'2006-02-14 17:45:25'),(134,'Dadu',72,'2006-02-14 17:45:25'),(135,'Dallas',103,'2006-02-14 17:45:25'),(136,'Datong',23,'2006-02-14 17:45:25'),(137,'Daugavpils',54,'2006-02-14 17:45:25'),(138,'Davao',75,'2006-02-14 17:45:25'),(139,'Daxian',23,'2006-02-14 17:45:25'),(140,'Dayton',103,'2006-02-14 17:45:25'),(141,'Deba Habe',69,'2006-02-14 17:45:25'),(142,'Denizli',97,'2006-02-14 17:45:25'),(143,'Dhaka',12,'2006-02-14 17:45:25'),(144,'Dhule (Dhulia)',44,'2006-02-14 17:45:25'),(145,'Dongying',23,'2006-02-14 17:45:25'),(146,'Donostia-San Sebastin',87,'2006-02-14 17:45:25'),(147,'Dos Quebradas',24,'2006-02-14 17:45:25'),(148,'Duisburg',38,'2006-02-14 17:45:25'),(149,'Dundee',102,'2006-02-14 17:45:25'),(150,'Dzerzinsk',80,'2006-02-14 17:45:25'),(151,'Ede',67,'2006-02-14 17:45:25'),(152,'Effon-Alaiye',69,'2006-02-14 17:45:25'),(153,'El Alto',14,'2006-02-14 17:45:25'),(154,'El Fuerte',60,'2006-02-14 17:45:25'),(155,'El Monte',103,'2006-02-14 17:45:25'),(156,'Elista',80,'2006-02-14 17:45:25'),(157,'Emeishan',23,'2006-02-14 17:45:25'),(158,'Emmen',67,'2006-02-14 17:45:25'),(159,'Enshi',23,'2006-02-14 17:45:25'),(160,'Erlangen',38,'2006-02-14 17:45:25'),(161,'Escobar',6,'2006-02-14 17:45:25'),(162,'Esfahan',46,'2006-02-14 17:45:25'),(163,'Eskisehir',97,'2006-02-14 17:45:25'),(164,'Etawah',44,'2006-02-14 17:45:25'),(165,'Ezeiza',6,'2006-02-14 17:45:25'),(166,'Ezhou',23,'2006-02-14 17:45:25'),(167,'Faaa',36,'2006-02-14 17:45:25'),(168,'Fengshan',92,'2006-02-14 17:45:25'),(169,'Firozabad',44,'2006-02-14 17:45:25'),(170,'Florencia',24,'2006-02-14 17:45:25'),(171,'Fontana',103,'2006-02-14 17:45:25'),(172,'Fukuyama',50,'2006-02-14 17:45:25'),(173,'Funafuti',99,'2006-02-14 17:45:25'),(174,'Fuyu',23,'2006-02-14 17:45:25'),(175,'Fuzhou',23,'2006-02-14 17:45:25'),(176,'Gandhinagar',44,'2006-02-14 17:45:25'),(177,'Garden Grove',103,'2006-02-14 17:45:25'),(178,'Garland',103,'2006-02-14 17:45:25'),(179,'Gatineau',20,'2006-02-14 17:45:25'),(180,'Gaziantep',97,'2006-02-14 17:45:25'),(181,'Gijn',87,'2006-02-14 17:45:25'),(182,'Gingoog',75,'2006-02-14 17:45:25'),(183,'Goinia',15,'2006-02-14 17:45:25'),(184,'Gorontalo',45,'2006-02-14 17:45:25'),(185,'Grand Prairie',103,'2006-02-14 17:45:25'),(186,'Graz',9,'2006-02-14 17:45:25'),(187,'Greensboro',103,'2006-02-14 17:45:25'),(188,'Guadalajara',60,'2006-02-14 17:45:25'),(189,'Guaruj',15,'2006-02-14 17:45:25'),(190,'guas Lindas de Gois',15,'2006-02-14 17:45:25'),(191,'Gulbarga',44,'2006-02-14 17:45:25'),(192,'Hagonoy',75,'2006-02-14 17:45:25'),(193,'Haining',23,'2006-02-14 17:45:25'),(194,'Haiphong',105,'2006-02-14 17:45:25'),(195,'Haldia',44,'2006-02-14 17:45:25'),(196,'Halifax',20,'2006-02-14 17:45:25'),(197,'Halisahar',44,'2006-02-14 17:45:25'),(198,'Halle/Saale',38,'2006-02-14 17:45:25'),(199,'Hami',23,'2006-02-14 17:45:25'),(200,'Hamilton',68,'2006-02-14 17:45:25'),(201,'Hanoi',105,'2006-02-14 17:45:25'),(202,'Hidalgo',60,'2006-02-14 17:45:25'),(203,'Higashiosaka',50,'2006-02-14 17:45:25'),(204,'Hino',50,'2006-02-14 17:45:25'),(205,'Hiroshima',50,'2006-02-14 17:45:25'),(206,'Hodeida',107,'2006-02-14 17:45:25'),(207,'Hohhot',23,'2006-02-14 17:45:25'),(208,'Hoshiarpur',44,'2006-02-14 17:45:25'),(209,'Hsichuh',92,'2006-02-14 17:45:25'),(210,'Huaian',23,'2006-02-14 17:45:25'),(211,'Hubli-Dharwad',44,'2006-02-14 17:45:25'),(212,'Huejutla de Reyes',60,'2006-02-14 17:45:25'),(213,'Huixquilucan',60,'2006-02-14 17:45:25'),(214,'Hunuco',74,'2006-02-14 17:45:25'),(215,'Ibirit',15,'2006-02-14 17:45:25'),(216,'Idfu',29,'2006-02-14 17:45:25'),(217,'Ife',69,'2006-02-14 17:45:25'),(218,'Ikerre',69,'2006-02-14 17:45:25'),(219,'Iligan',75,'2006-02-14 17:45:25'),(220,'Ilorin',69,'2006-02-14 17:45:25'),(221,'Imus',75,'2006-02-14 17:45:25'),(222,'Inegl',97,'2006-02-14 17:45:25'),(223,'Ipoh',59,'2006-02-14 17:45:25'),(224,'Isesaki',50,'2006-02-14 17:45:25'),(225,'Ivanovo',80,'2006-02-14 17:45:25'),(226,'Iwaki',50,'2006-02-14 17:45:25'),(227,'Iwakuni',50,'2006-02-14 17:45:25'),(228,'Iwatsuki',50,'2006-02-14 17:45:25'),(229,'Izumisano',50,'2006-02-14 17:45:25'),(230,'Jaffna',88,'2006-02-14 17:45:25'),(231,'Jaipur',44,'2006-02-14 17:45:25'),(232,'Jakarta',45,'2006-02-14 17:45:25'),(233,'Jalib al-Shuyukh',53,'2006-02-14 17:45:25'),(234,'Jamalpur',12,'2006-02-14 17:45:25'),(235,'Jaroslavl',80,'2006-02-14 17:45:25'),(236,'Jastrzebie-Zdrj',76,'2006-02-14 17:45:25'),(237,'Jedda',82,'2006-02-14 17:45:25'),(238,'Jelets',80,'2006-02-14 17:45:25'),(239,'Jhansi',44,'2006-02-14 17:45:25'),(240,'Jinchang',23,'2006-02-14 17:45:25'),(241,'Jining',23,'2006-02-14 17:45:25'),(242,'Jinzhou',23,'2006-02-14 17:45:25'),(243,'Jodhpur',44,'2006-02-14 17:45:25'),(244,'Johannesburg',85,'2006-02-14 17:45:25'),(245,'Joliet',103,'2006-02-14 17:45:25'),(246,'Jos Azueta',60,'2006-02-14 17:45:25'),(247,'Juazeiro do Norte',15,'2006-02-14 17:45:25'),(248,'Juiz de Fora',15,'2006-02-14 17:45:25'),(249,'Junan',23,'2006-02-14 17:45:25'),(250,'Jurez',60,'2006-02-14 17:45:25'),(251,'Kabul',1,'2006-02-14 17:45:25'),(252,'Kaduna',69,'2006-02-14 17:45:25'),(253,'Kakamigahara',50,'2006-02-14 17:45:25'),(254,'Kaliningrad',80,'2006-02-14 17:45:25'),(255,'Kalisz',76,'2006-02-14 17:45:25'),(256,'Kamakura',50,'2006-02-14 17:45:25'),(257,'Kamarhati',44,'2006-02-14 17:45:25'),(258,'Kamjanets-Podilskyi',100,'2006-02-14 17:45:25'),(259,'Kamyin',80,'2006-02-14 17:45:25'),(260,'Kanazawa',50,'2006-02-14 17:45:25'),(261,'Kanchrapara',44,'2006-02-14 17:45:25'),(262,'Kansas City',103,'2006-02-14 17:45:25'),(263,'Karnal',44,'2006-02-14 17:45:25'),(264,'Katihar',44,'2006-02-14 17:45:25'),(265,'Kermanshah',46,'2006-02-14 17:45:25'),(266,'Kilis',97,'2006-02-14 17:45:25'),(267,'Kimberley',85,'2006-02-14 17:45:25'),(268,'Kimchon',86,'2006-02-14 17:45:25'),(269,'Kingstown',81,'2006-02-14 17:45:25'),(270,'Kirovo-Tepetsk',80,'2006-02-14 17:45:25'),(271,'Kisumu',52,'2006-02-14 17:45:25'),(272,'Kitwe',109,'2006-02-14 17:45:25'),(273,'Klerksdorp',85,'2006-02-14 17:45:25'),(274,'Kolpino',80,'2006-02-14 17:45:25'),(275,'Konotop',100,'2006-02-14 17:45:25'),(276,'Koriyama',50,'2006-02-14 17:45:25'),(277,'Korla',23,'2006-02-14 17:45:25'),(278,'Korolev',80,'2006-02-14 17:45:25'),(279,'Kowloon and New Kowloon',42,'2006-02-14 17:45:25'),(280,'Kragujevac',108,'2006-02-14 17:45:25'),(281,'Ktahya',97,'2006-02-14 17:45:25'),(282,'Kuching',59,'2006-02-14 17:45:25'),(283,'Kumbakonam',44,'2006-02-14 17:45:25'),(284,'Kurashiki',50,'2006-02-14 17:45:25'),(285,'Kurgan',80,'2006-02-14 17:45:25'),(286,'Kursk',80,'2006-02-14 17:45:25'),(287,'Kuwana',50,'2006-02-14 17:45:25'),(288,'La Paz',60,'2006-02-14 17:45:25'),(289,'La Plata',6,'2006-02-14 17:45:25'),(290,'La Romana',27,'2006-02-14 17:45:25'),(291,'Laiwu',23,'2006-02-14 17:45:25'),(292,'Lancaster',103,'2006-02-14 17:45:25'),(293,'Laohekou',23,'2006-02-14 17:45:25'),(294,'Lapu-Lapu',75,'2006-02-14 17:45:25'),(295,'Laredo',103,'2006-02-14 17:45:25'),(296,'Lausanne',91,'2006-02-14 17:45:25'),(297,'Le Mans',34,'2006-02-14 17:45:25'),(298,'Lengshuijiang',23,'2006-02-14 17:45:25'),(299,'Leshan',23,'2006-02-14 17:45:25'),(300,'Lethbridge',20,'2006-02-14 17:45:25'),(301,'Lhokseumawe',45,'2006-02-14 17:45:25'),(302,'Liaocheng',23,'2006-02-14 17:45:25'),(303,'Liepaja',54,'2006-02-14 17:45:25'),(304,'Lilongwe',58,'2006-02-14 17:45:25'),(305,'Lima',74,'2006-02-14 17:45:25'),(306,'Lincoln',103,'2006-02-14 17:45:25'),(307,'Linz',9,'2006-02-14 17:45:25'),(308,'Lipetsk',80,'2006-02-14 17:45:25'),(309,'Livorno',49,'2006-02-14 17:45:25'),(310,'Ljubertsy',80,'2006-02-14 17:45:25'),(311,'Loja',28,'2006-02-14 17:45:25'),(312,'London',102,'2006-02-14 17:45:25'),(313,'London',20,'2006-02-14 17:45:25'),(314,'Lublin',76,'2006-02-14 17:45:25'),(315,'Lubumbashi',25,'2006-02-14 17:45:25'),(316,'Lungtan',92,'2006-02-14 17:45:25'),(317,'Luzinia',15,'2006-02-14 17:45:25'),(318,'Madiun',45,'2006-02-14 17:45:25'),(319,'Mahajanga',57,'2006-02-14 17:45:25'),(320,'Maikop',80,'2006-02-14 17:45:25'),(321,'Malm',90,'2006-02-14 17:45:25'),(322,'Manchester',103,'2006-02-14 17:45:25'),(323,'Mandaluyong',75,'2006-02-14 17:45:25'),(324,'Mandi Bahauddin',72,'2006-02-14 17:45:25'),(325,'Mannheim',38,'2006-02-14 17:45:25'),(326,'Maracabo',104,'2006-02-14 17:45:25'),(327,'Mardan',72,'2006-02-14 17:45:25'),(328,'Maring',15,'2006-02-14 17:45:25'),(329,'Masqat',71,'2006-02-14 17:45:25'),(330,'Matamoros',60,'2006-02-14 17:45:25'),(331,'Matsue',50,'2006-02-14 17:45:25'),(332,'Meixian',23,'2006-02-14 17:45:25'),(333,'Memphis',103,'2006-02-14 17:45:25'),(334,'Merlo',6,'2006-02-14 17:45:25'),(335,'Mexicali',60,'2006-02-14 17:45:25'),(336,'Miraj',44,'2006-02-14 17:45:25'),(337,'Mit Ghamr',29,'2006-02-14 17:45:25'),(338,'Miyakonojo',50,'2006-02-14 17:45:25'),(339,'Mogiljov',13,'2006-02-14 17:45:25'),(340,'Molodetno',13,'2006-02-14 17:45:25'),(341,'Monclova',60,'2006-02-14 17:45:25'),(342,'Monywa',64,'2006-02-14 17:45:25'),(343,'Moscow',80,'2006-02-14 17:45:25'),(344,'Mosul',47,'2006-02-14 17:45:25'),(345,'Mukateve',100,'2006-02-14 17:45:25'),(346,'Munger (Monghyr)',44,'2006-02-14 17:45:25'),(347,'Mwanza',93,'2006-02-14 17:45:25'),(348,'Mwene-Ditu',25,'2006-02-14 17:45:25'),(349,'Myingyan',64,'2006-02-14 17:45:25'),(350,'Mysore',44,'2006-02-14 17:45:25'),(351,'Naala-Porto',63,'2006-02-14 17:45:25'),(352,'Nabereznyje Telny',80,'2006-02-14 17:45:25'),(353,'Nador',62,'2006-02-14 17:45:25'),(354,'Nagaon',44,'2006-02-14 17:45:25'),(355,'Nagareyama',50,'2006-02-14 17:45:25'),(356,'Najafabad',46,'2006-02-14 17:45:25'),(357,'Naju',86,'2006-02-14 17:45:25'),(358,'Nakhon Sawan',94,'2006-02-14 17:45:25'),(359,'Nam Dinh',105,'2006-02-14 17:45:25'),(360,'Namibe',4,'2006-02-14 17:45:25'),(361,'Nantou',92,'2006-02-14 17:45:25'),(362,'Nanyang',23,'2006-02-14 17:45:25'),(363,'NDjamna',21,'2006-02-14 17:45:25'),(364,'Newcastle',85,'2006-02-14 17:45:25'),(365,'Nezahualcyotl',60,'2006-02-14 17:45:25'),(366,'Nha Trang',105,'2006-02-14 17:45:25'),(367,'Niznekamsk',80,'2006-02-14 17:45:25'),(368,'Novi Sad',108,'2006-02-14 17:45:25'),(369,'Novoterkassk',80,'2006-02-14 17:45:25'),(370,'Nukualofa',95,'2006-02-14 17:45:25'),(371,'Nuuk',40,'2006-02-14 17:45:25'),(372,'Nyeri',52,'2006-02-14 17:45:25'),(373,'Ocumare del Tuy',104,'2006-02-14 17:45:25'),(374,'Ogbomosho',69,'2006-02-14 17:45:25'),(375,'Okara',72,'2006-02-14 17:45:25'),(376,'Okayama',50,'2006-02-14 17:45:25'),(377,'Okinawa',50,'2006-02-14 17:45:25'),(378,'Olomouc',26,'2006-02-14 17:45:25'),(379,'Omdurman',89,'2006-02-14 17:45:25'),(380,'Omiya',50,'2006-02-14 17:45:25'),(381,'Ondo',69,'2006-02-14 17:45:25'),(382,'Onomichi',50,'2006-02-14 17:45:25'),(383,'Oshawa',20,'2006-02-14 17:45:25'),(384,'Osmaniye',97,'2006-02-14 17:45:25'),(385,'ostka',100,'2006-02-14 17:45:25'),(386,'Otsu',50,'2006-02-14 17:45:25'),(387,'Oulu',33,'2006-02-14 17:45:25'),(388,'Ourense (Orense)',87,'2006-02-14 17:45:25'),(389,'Owo',69,'2006-02-14 17:45:25'),(390,'Oyo',69,'2006-02-14 17:45:25'),(391,'Ozamis',75,'2006-02-14 17:45:25'),(392,'Paarl',85,'2006-02-14 17:45:25'),(393,'Pachuca de Soto',60,'2006-02-14 17:45:25'),(394,'Pak Kret',94,'2006-02-14 17:45:25'),(395,'Palghat (Palakkad)',44,'2006-02-14 17:45:25'),(396,'Pangkal Pinang',45,'2006-02-14 17:45:25'),(397,'Papeete',36,'2006-02-14 17:45:25'),(398,'Parbhani',44,'2006-02-14 17:45:25'),(399,'Pathankot',44,'2006-02-14 17:45:25'),(400,'Patiala',44,'2006-02-14 17:45:25'),(401,'Patras',39,'2006-02-14 17:45:25'),(402,'Pavlodar',51,'2006-02-14 17:45:25'),(403,'Pemalang',45,'2006-02-14 17:45:25'),(404,'Peoria',103,'2006-02-14 17:45:25'),(405,'Pereira',24,'2006-02-14 17:45:25'),(406,'Phnom Penh',18,'2006-02-14 17:45:25'),(407,'Pingxiang',23,'2006-02-14 17:45:25'),(408,'Pjatigorsk',80,'2006-02-14 17:45:25'),(409,'Plock',76,'2006-02-14 17:45:25'),(410,'Po',15,'2006-02-14 17:45:25'),(411,'Ponce',77,'2006-02-14 17:45:25'),(412,'Pontianak',45,'2006-02-14 17:45:25'),(413,'Poos de Caldas',15,'2006-02-14 17:45:25'),(414,'Portoviejo',28,'2006-02-14 17:45:25'),(415,'Probolinggo',45,'2006-02-14 17:45:25'),(416,'Pudukkottai',44,'2006-02-14 17:45:25'),(417,'Pune',44,'2006-02-14 17:45:25'),(418,'Purnea (Purnia)',44,'2006-02-14 17:45:25'),(419,'Purwakarta',45,'2006-02-14 17:45:25'),(420,'Pyongyang',70,'2006-02-14 17:45:25'),(421,'Qalyub',29,'2006-02-14 17:45:25'),(422,'Qinhuangdao',23,'2006-02-14 17:45:25'),(423,'Qomsheh',46,'2006-02-14 17:45:25'),(424,'Quilmes',6,'2006-02-14 17:45:25'),(425,'Rae Bareli',44,'2006-02-14 17:45:25'),(426,'Rajkot',44,'2006-02-14 17:45:25'),(427,'Rampur',44,'2006-02-14 17:45:25'),(428,'Rancagua',22,'2006-02-14 17:45:25'),(429,'Ranchi',44,'2006-02-14 17:45:25'),(430,'Richmond Hill',20,'2006-02-14 17:45:25'),(431,'Rio Claro',15,'2006-02-14 17:45:25'),(432,'Rizhao',23,'2006-02-14 17:45:25'),(433,'Roanoke',103,'2006-02-14 17:45:25'),(434,'Robamba',28,'2006-02-14 17:45:25'),(435,'Rockford',103,'2006-02-14 17:45:25'),(436,'Ruse',17,'2006-02-14 17:45:25'),(437,'Rustenburg',85,'2006-02-14 17:45:25'),(438,'s-Hertogenbosch',67,'2006-02-14 17:45:25'),(439,'Saarbrcken',38,'2006-02-14 17:45:25'),(440,'Sagamihara',50,'2006-02-14 17:45:25'),(441,'Saint Louis',103,'2006-02-14 17:45:25'),(442,'Saint-Denis',79,'2006-02-14 17:45:25'),(443,'Sal',62,'2006-02-14 17:45:25'),(444,'Salala',71,'2006-02-14 17:45:25'),(445,'Salamanca',60,'2006-02-14 17:45:25'),(446,'Salinas',103,'2006-02-14 17:45:25'),(447,'Salzburg',9,'2006-02-14 17:45:25'),(448,'Sambhal',44,'2006-02-14 17:45:25'),(449,'San Bernardino',103,'2006-02-14 17:45:25'),(450,'San Felipe de Puerto Plata',27,'2006-02-14 17:45:25'),(451,'San Felipe del Progreso',60,'2006-02-14 17:45:25'),(452,'San Juan Bautista Tuxtepec',60,'2006-02-14 17:45:25'),(453,'San Lorenzo',73,'2006-02-14 17:45:25'),(454,'San Miguel de Tucumn',6,'2006-02-14 17:45:25'),(455,'Sanaa',107,'2006-02-14 17:45:25'),(456,'Santa Brbara dOeste',15,'2006-02-14 17:45:25'),(457,'Santa F',6,'2006-02-14 17:45:25'),(458,'Santa Rosa',75,'2006-02-14 17:45:25'),(459,'Santiago de Compostela',87,'2006-02-14 17:45:25'),(460,'Santiago de los Caballeros',27,'2006-02-14 17:45:25'),(461,'Santo Andr',15,'2006-02-14 17:45:25'),(462,'Sanya',23,'2006-02-14 17:45:25'),(463,'Sasebo',50,'2006-02-14 17:45:25'),(464,'Satna',44,'2006-02-14 17:45:25'),(465,'Sawhaj',29,'2006-02-14 17:45:25'),(466,'Serpuhov',80,'2006-02-14 17:45:25'),(467,'Shahr-e Kord',46,'2006-02-14 17:45:25'),(468,'Shanwei',23,'2006-02-14 17:45:25'),(469,'Shaoguan',23,'2006-02-14 17:45:25'),(470,'Sharja',101,'2006-02-14 17:45:25'),(471,'Shenzhen',23,'2006-02-14 17:45:25'),(472,'Shikarpur',72,'2006-02-14 17:45:25'),(473,'Shimoga',44,'2006-02-14 17:45:25'),(474,'Shimonoseki',50,'2006-02-14 17:45:25'),(475,'Shivapuri',44,'2006-02-14 17:45:25'),(476,'Shubra al-Khayma',29,'2006-02-14 17:45:25'),(477,'Siegen',38,'2006-02-14 17:45:25'),(478,'Siliguri (Shiliguri)',44,'2006-02-14 17:45:25'),(479,'Simferopol',100,'2006-02-14 17:45:25'),(480,'Sincelejo',24,'2006-02-14 17:45:25'),(481,'Sirjan',46,'2006-02-14 17:45:25'),(482,'Sivas',97,'2006-02-14 17:45:25'),(483,'Skikda',2,'2006-02-14 17:45:25'),(484,'Smolensk',80,'2006-02-14 17:45:25'),(485,'So Bernardo do Campo',15,'2006-02-14 17:45:25'),(486,'So Leopoldo',15,'2006-02-14 17:45:25'),(487,'Sogamoso',24,'2006-02-14 17:45:25'),(488,'Sokoto',69,'2006-02-14 17:45:25'),(489,'Songkhla',94,'2006-02-14 17:45:25'),(490,'Sorocaba',15,'2006-02-14 17:45:25'),(491,'Soshanguve',85,'2006-02-14 17:45:25'),(492,'Sousse',96,'2006-02-14 17:45:25'),(493,'South Hill',5,'2006-02-14 17:45:25'),(494,'Southampton',102,'2006-02-14 17:45:25'),(495,'Southend-on-Sea',102,'2006-02-14 17:45:25'),(496,'Southport',102,'2006-02-14 17:45:25'),(497,'Springs',85,'2006-02-14 17:45:25'),(498,'Stara Zagora',17,'2006-02-14 17:45:25'),(499,'Sterling Heights',103,'2006-02-14 17:45:25'),(500,'Stockport',102,'2006-02-14 17:45:25'),(501,'Sucre',14,'2006-02-14 17:45:25'),(502,'Suihua',23,'2006-02-14 17:45:25'),(503,'Sullana',74,'2006-02-14 17:45:25'),(504,'Sultanbeyli',97,'2006-02-14 17:45:25'),(505,'Sumqayit',10,'2006-02-14 17:45:25'),(506,'Sumy',100,'2006-02-14 17:45:25'),(507,'Sungai Petani',59,'2006-02-14 17:45:25'),(508,'Sunnyvale',103,'2006-02-14 17:45:25'),(509,'Surakarta',45,'2006-02-14 17:45:25'),(510,'Syktyvkar',80,'2006-02-14 17:45:25'),(511,'Syrakusa',49,'2006-02-14 17:45:25'),(512,'Szkesfehrvr',43,'2006-02-14 17:45:25'),(513,'Tabora',93,'2006-02-14 17:45:25'),(514,'Tabriz',46,'2006-02-14 17:45:25'),(515,'Tabuk',82,'2006-02-14 17:45:25'),(516,'Tafuna',3,'2006-02-14 17:45:25'),(517,'Taguig',75,'2006-02-14 17:45:25'),(518,'Taizz',107,'2006-02-14 17:45:25'),(519,'Talavera',75,'2006-02-14 17:45:25'),(520,'Tallahassee',103,'2006-02-14 17:45:25'),(521,'Tama',50,'2006-02-14 17:45:25'),(522,'Tambaram',44,'2006-02-14 17:45:25'),(523,'Tanauan',75,'2006-02-14 17:45:25'),(524,'Tandil',6,'2006-02-14 17:45:25'),(525,'Tangail',12,'2006-02-14 17:45:25'),(526,'Tanshui',92,'2006-02-14 17:45:25'),(527,'Tanza',75,'2006-02-14 17:45:25'),(528,'Tarlac',75,'2006-02-14 17:45:25'),(529,'Tarsus',97,'2006-02-14 17:45:25'),(530,'Tartu',30,'2006-02-14 17:45:25'),(531,'Teboksary',80,'2006-02-14 17:45:25'),(532,'Tegal',45,'2006-02-14 17:45:25'),(533,'Tel Aviv-Jaffa',48,'2006-02-14 17:45:25'),(534,'Tete',63,'2006-02-14 17:45:25'),(535,'Tianjin',23,'2006-02-14 17:45:25'),(536,'Tiefa',23,'2006-02-14 17:45:25'),(537,'Tieli',23,'2006-02-14 17:45:25'),(538,'Tokat',97,'2006-02-14 17:45:25'),(539,'Tonghae',86,'2006-02-14 17:45:25'),(540,'Tongliao',23,'2006-02-14 17:45:25'),(541,'Torren',60,'2006-02-14 17:45:25'),(542,'Touliu',92,'2006-02-14 17:45:25'),(543,'Toulon',34,'2006-02-14 17:45:25'),(544,'Toulouse',34,'2006-02-14 17:45:25'),(545,'Trshavn',32,'2006-02-14 17:45:25'),(546,'Tsaotun',92,'2006-02-14 17:45:25'),(547,'Tsuyama',50,'2006-02-14 17:45:25'),(548,'Tuguegarao',75,'2006-02-14 17:45:25'),(549,'Tychy',76,'2006-02-14 17:45:25'),(550,'Udaipur',44,'2006-02-14 17:45:25'),(551,'Udine',49,'2006-02-14 17:45:25'),(552,'Ueda',50,'2006-02-14 17:45:25'),(553,'Uijongbu',86,'2006-02-14 17:45:25'),(554,'Uluberia',44,'2006-02-14 17:45:25'),(555,'Urawa',50,'2006-02-14 17:45:25'),(556,'Uruapan',60,'2006-02-14 17:45:25'),(557,'Usak',97,'2006-02-14 17:45:25'),(558,'Usolje-Sibirskoje',80,'2006-02-14 17:45:25'),(559,'Uttarpara-Kotrung',44,'2006-02-14 17:45:25'),(560,'Vaduz',55,'2006-02-14 17:45:25'),(561,'Valencia',104,'2006-02-14 17:45:25'),(562,'Valle de la Pascua',104,'2006-02-14 17:45:25'),(563,'Valle de Santiago',60,'2006-02-14 17:45:25'),(564,'Valparai',44,'2006-02-14 17:45:25'),(565,'Vancouver',20,'2006-02-14 17:45:25'),(566,'Varanasi (Benares)',44,'2006-02-14 17:45:25'),(567,'Vicente Lpez',6,'2006-02-14 17:45:25'),(568,'Vijayawada',44,'2006-02-14 17:45:25'),(569,'Vila Velha',15,'2006-02-14 17:45:25'),(570,'Vilnius',56,'2006-02-14 17:45:25'),(571,'Vinh',105,'2006-02-14 17:45:25'),(572,'Vitria de Santo Anto',15,'2006-02-14 17:45:25'),(573,'Warren',103,'2006-02-14 17:45:25'),(574,'Weifang',23,'2006-02-14 17:45:25'),(575,'Witten',38,'2006-02-14 17:45:25'),(576,'Woodridge',8,'2006-02-14 17:45:25'),(577,'Wroclaw',76,'2006-02-14 17:45:25'),(578,'Xiangfan',23,'2006-02-14 17:45:25'),(579,'Xiangtan',23,'2006-02-14 17:45:25'),(580,'Xintai',23,'2006-02-14 17:45:25'),(581,'Xinxiang',23,'2006-02-14 17:45:25'),(582,'Yamuna Nagar',44,'2006-02-14 17:45:25'),(583,'Yangor',65,'2006-02-14 17:45:25'),(584,'Yantai',23,'2006-02-14 17:45:25'),(585,'Yaound',19,'2006-02-14 17:45:25'),(586,'Yerevan',7,'2006-02-14 17:45:25'),(587,'Yinchuan',23,'2006-02-14 17:45:25'),(588,'Yingkou',23,'2006-02-14 17:45:25'),(589,'York',102,'2006-02-14 17:45:25'),(590,'Yuncheng',23,'2006-02-14 17:45:25'),(591,'Yuzhou',23,'2006-02-14 17:45:25'),(592,'Zalantun',23,'2006-02-14 17:45:25'),(593,'Zanzibar',93,'2006-02-14 17:45:25'),(594,'Zaoyang',23,'2006-02-14 17:45:25'),(595,'Zapopan',60,'2006-02-14 17:45:25'),(596,'Zaria',69,'2006-02-14 17:45:25'),(597,'Zeleznogorsk',80,'2006-02-14 17:45:25'),(598,'Zhezqazghan',51,'2006-02-14 17:45:25'),(599,'Zhoushan',23,'2006-02-14 17:45:25'),(600,'Ziguinchor',83,'2006-02-14 17:45:25');
/*!40000 ALTER TABLE `city` ENABLE KEYS */;
UNLOCK TABLES;

--
-- Table structure for table `client_master`
--

DROP TABLE IF EXISTS `client_master`;
/*!40101 SET @saved_cs_client     = @@character_set_client */;
/*!50503 SET character_set_client = utf8mb4 */;
CREATE TABLE `client_master` (
  `Client_no` varchar(6) NOT NULL,
  `Name` varchar(15) NOT NULL,
  `City` varchar(15) DEFAULT NULL,
  `Pincode` int DEFAULT NULL,
  `State` varchar(15) DEFAULT NULL,
  `Bal_due` decimal(10,2) DEFAULT NULL,
  PRIMARY KEY (`Client_no`),
  CONSTRAINT `client_master_chk_1` CHECK ((`Client_no` like cast(_cp850'C%' as char charset binary)))
) ENGINE=InnoDB DEFAULT CHARSET=utf8mb4 COLLATE=utf8mb4_0900_ai_ci;
/*!40101 SET character_set_client = @saved_cs_client */;

--
-- Dumping data for table `client_master`
--

LOCK TABLES `client_master` WRITE;
/*!40000 ALTER TABLE `client_master` DISABLE KEYS */;
INSERT INTO `client_master` VALUES ('C001','Ivan','Bombay',400054,'Maharashtra',15000.00),('C002','Vandana','Madras',780001,'Tamil Nadu',0.00),('C003','Pramada','Bombay',400057,'Maharastra',5000.00),('C004','Basu','Bombay',400056,'Maharastra',0.00),('C005','Ravi','Delhi',100001,'Gujarat',2000.00),('C006','Rukmani','Bombay',400050,'Maharastra',0.00);
/*!40000 ALTER TABLE `client_master` ENABLE KEYS */;
UNLOCK TABLES;

--
-- Table structure for table `countries`
--

DROP TABLE IF EXISTS `countries`;
/*!40101 SET @saved_cs_client     = @@character_set_client */;
/*!50503 SET character_set_client = utf8mb4 */;
CREATE TABLE `countries` (
  `COUNTRY_ID` varchar(2) NOT NULL,
  `COUNTRY_NAME` varchar(40) DEFAULT NULL,
  `REGION_ID` decimal(10,0) DEFAULT NULL,
  PRIMARY KEY (`COUNTRY_ID`),
  KEY `COUNTR_REG_FK` (`REGION_ID`)
) ENGINE=MyISAM DEFAULT CHARSET=latin1;
/*!40101 SET character_set_client = @saved_cs_client */;

--
-- Dumping data for table `countries`
--

LOCK TABLES `countries` WRITE;
/*!40000 ALTER TABLE `countries` DISABLE KEYS */;
INSERT INTO `countries` VALUES ('AR','Argentina',2),('AU','Australia',3),('BE','Belgium',1),('BR','Brazil',2),('CA','Canada',2),('CH','Switzerland',1),('CN','China',3),('DE','Germany',1),('DK','Denmark',1),('EG','Egypt',4),('FR','France',1),('HK','HongKong',3),('IL','Israel',4),('IN','India',3),('IT','Italy',1),('JP','Japan',3),('KW','Kuwait',4),('MX','Mexico',2),('NG','Nigeria',4),('NL','Netherlands',1),('SG','Singapore',3),('UK','United Kingdom',1),('US','United States of America',2),('ZM','Zambia',4),('ZW','Zimbabwe',4);
/*!40000 ALTER TABLE `countries` ENABLE KEYS */;
UNLOCK TABLES;

--
-- Table structure for table `country`
--

DROP TABLE IF EXISTS `country`;
/*!40101 SET @saved_cs_client     = @@character_set_client */;
/*!50503 SET character_set_client = utf8mb4 */;
CREATE TABLE `country` (
  `country_id` smallint unsigned NOT NULL AUTO_INCREMENT,
  `country` varchar(50) NOT NULL,
  `last_update` timestamp NOT NULL DEFAULT CURRENT_TIMESTAMP ON UPDATE CURRENT_TIMESTAMP,
  PRIMARY KEY (`country_id`)
) ENGINE=InnoDB AUTO_INCREMENT=110 DEFAULT CHARSET=utf8mb4 COLLATE=utf8mb4_0900_ai_ci;
/*!40101 SET character_set_client = @saved_cs_client */;

--
-- Dumping data for table `country`
--

LOCK TABLES `country` WRITE;
/*!40000 ALTER TABLE `country` DISABLE KEYS */;
INSERT INTO `country` VALUES (1,'Afghanistan','2006-02-14 17:44:00'),(2,'Algeria','2006-02-14 17:44:00'),(3,'American Samoa','2006-02-14 17:44:00'),(4,'Angola','2006-02-14 17:44:00'),(5,'Anguilla','2006-02-14 17:44:00'),(6,'Argentina','2006-02-14 17:44:00'),(7,'Armenia','2006-02-14 17:44:00'),(8,'Australia','2006-02-14 17:44:00'),(9,'Austria','2006-02-14 17:44:00'),(10,'Azerbaijan','2006-02-14 17:44:00'),(11,'Bahrain','2006-02-14 17:44:00'),(12,'Bangladesh','2006-02-14 17:44:00'),(13,'Belarus','2006-02-14 17:44:00'),(14,'Bolivia','2006-02-14 17:44:00'),(15,'Brazil','2006-02-14 17:44:00'),(16,'Brunei','2006-02-14 17:44:00'),(17,'Bulgaria','2006-02-14 17:44:00'),(18,'Cambodia','2006-02-14 17:44:00'),(19,'Cameroon','2006-02-14 17:44:00'),(20,'Canada','2006-02-14 17:44:00'),(21,'Chad','2006-02-14 17:44:00'),(22,'Chile','2006-02-14 17:44:00'),(23,'China','2006-02-14 17:44:00'),(24,'Colombia','2006-02-14 17:44:00'),(25,'Congo, The Democratic Republic of the','2006-02-14 17:44:00'),(26,'Czech Republic','2006-02-14 17:44:00'),(27,'Dominican Republic','2006-02-14 17:44:00'),(28,'Ecuador','2006-02-14 17:44:00'),(29,'Egypt','2006-02-14 17:44:00'),(30,'Estonia','2006-02-14 17:44:00'),(31,'Ethiopia','2006-02-14 17:44:00'),(32,'Faroe Islands','2006-02-14 17:44:00'),(33,'Finland','2006-02-14 17:44:00'),(34,'France','2006-02-14 17:44:00'),(35,'French Guiana','2006-02-14 17:44:00'),(36,'French Polynesia','2006-02-14 17:44:00'),(37,'Gambia','2006-02-14 17:44:00'),(38,'Germany','2006-02-14 17:44:00'),(39,'Greece','2006-02-14 17:44:00'),(40,'Greenland','2006-02-14 17:44:00'),(41,'Holy See (Vatican City State)','2006-02-14 17:44:00'),(42,'Hong Kong','2006-02-14 17:44:00'),(43,'Hungary','2006-02-14 17:44:00'),(44,'India','2006-02-14 17:44:00'),(45,'Indonesia','2006-02-14 17:44:00'),(46,'Iran','2006-02-14 17:44:00'),(47,'Iraq','2006-02-14 17:44:00'),(48,'Israel','2006-02-14 17:44:00'),(49,'Italy','2006-02-14 17:44:00'),(50,'Japan','2006-02-14 17:44:00'),(51,'Kazakstan','2006-02-14 17:44:00'),(52,'Kenya','2006-02-14 17:44:00'),(53,'Kuwait','2006-02-14 17:44:00'),(54,'Latvia','2006-02-14 17:44:00'),(55,'Liechtenstein','2006-02-14 17:44:00'),(56,'Lithuania','2006-02-14 17:44:00'),(57,'Madagascar','2006-02-14 17:44:00'),(58,'Malawi','2006-02-14 17:44:00'),(59,'Malaysia','2006-02-14 17:44:00'),(60,'Mexico','2006-02-14 17:44:00'),(61,'Moldova','2006-02-14 17:44:00'),(62,'Morocco','2006-02-14 17:44:00'),(63,'Mozambique','2006-02-14 17:44:00'),(64,'Myanmar','2006-02-14 17:44:00'),(65,'Nauru','2006-02-14 17:44:00'),(66,'Nepal','2006-02-14 17:44:00'),(67,'Netherlands','2006-02-14 17:44:00'),(68,'New Zealand','2006-02-14 17:44:00'),(69,'Nigeria','2006-02-14 17:44:00'),(70,'North Korea','2006-02-14 17:44:00'),(71,'Oman','2006-02-14 17:44:00'),(72,'Pakistan','2006-02-14 17:44:00'),(73,'Paraguay','2006-02-14 17:44:00'),(74,'Peru','2006-02-14 17:44:00'),(75,'Philippines','2006-02-14 17:44:00'),(76,'Poland','2006-02-14 17:44:00'),(77,'Puerto Rico','2006-02-14 17:44:00'),(78,'Romania','2006-02-14 17:44:00'),(79,'Runion','2006-02-14 17:44:00'),(80,'Russian Federation','2006-02-14 17:44:00'),(81,'Saint Vincent and the Grenadines','2006-02-14 17:44:00'),(82,'Saudi Arabia','2006-02-14 17:44:00'),(83,'Senegal','2006-02-14 17:44:00'),(84,'Slovakia','2006-02-14 17:44:00'),(85,'South Africa','2006-02-14 17:44:00'),(86,'South Korea','2006-02-14 17:44:00'),(87,'Spain','2006-02-14 17:44:00'),(88,'Sri Lanka','2006-02-14 17:44:00'),(89,'Sudan','2006-02-14 17:44:00'),(90,'Sweden','2006-02-14 17:44:00'),(91,'Switzerland','2006-02-14 17:44:00'),(92,'Taiwan','2006-02-14 17:44:00'),(93,'Tanzania','2006-02-14 17:44:00'),(94,'Thailand','2006-02-14 17:44:00'),(95,'Tonga','2006-02-14 17:44:00'),(96,'Tunisia','2006-02-14 17:44:00'),(97,'Turkey','2006-02-14 17:44:00'),(98,'Turkmenistan','2006-02-14 17:44:00'),(99,'Tuvalu','2006-02-14 17:44:00'),(100,'Ukraine','2006-02-14 17:44:00'),(101,'United Arab Emirates','2006-02-14 17:44:00'),(102,'United Kingdom','2006-02-14 17:44:00'),(103,'United States','2006-02-14 17:44:00'),(104,'Venezuela','2006-02-14 17:44:00'),(105,'Vietnam','2006-02-14 17:44:00'),(106,'Virgin Islands, U.S.','2006-02-14 17:44:00'),(107,'Yemen','2006-02-14 17:44:00'),(108,'Yugoslavia','2006-02-14 17:44:00'),(109,'Zambia','2006-02-14 17:44:00');
/*!40000 ALTER TABLE `country` ENABLE KEYS */;
UNLOCK TABLES;

--
-- Temporary view structure for view `departmemnts_with_no_employees`
--

DROP TABLE IF EXISTS `departmemnts_with_no_employees`;
/*!50001 DROP VIEW IF EXISTS `departmemnts_with_no_employees`*/;
SET @saved_cs_client     = @@character_set_client;
/*!50503 SET character_set_client = utf8mb4 */;
/*!50001 CREATE VIEW `departmemnts_with_no_employees` AS SELECT 
 1 AS `department_id`,
 1 AS `department_name`,
 1 AS `city`*/;
SET character_set_client = @saved_cs_client;

--
-- Temporary view structure for view `department_addresses`
--

DROP TABLE IF EXISTS `department_addresses`;
/*!50001 DROP VIEW IF EXISTS `department_addresses`*/;
SET @saved_cs_client     = @@character_set_client;
/*!50503 SET character_set_client = utf8mb4 */;
/*!50001 CREATE VIEW `department_addresses` AS SELECT 
 1 AS `department_name`,
 1 AS `location_id`,
 1 AS `street_address`,
 1 AS `city`,
 1 AS `state_province`,
 1 AS `country_name`*/;
SET character_set_client = @saved_cs_client;

--
-- Table structure for table `departments`
--

DROP TABLE IF EXISTS `departments`;
/*!40101 SET @saved_cs_client     = @@character_set_client */;
/*!50503 SET character_set_client = utf8mb4 */;
CREATE TABLE `departments` (
  `DEPARTMENT_ID` decimal(4,0) NOT NULL DEFAULT '0',
  `DEPARTMENT_NAME` varchar(30) NOT NULL,
  `MANAGER_ID` decimal(6,0) DEFAULT NULL,
  `LOCATION_ID` decimal(4,0) DEFAULT NULL,
  PRIMARY KEY (`DEPARTMENT_ID`),
  KEY `DEPT_MGR_FK` (`MANAGER_ID`),
  KEY `DEPT_LOCATION_IX` (`LOCATION_ID`)
) ENGINE=MyISAM DEFAULT CHARSET=latin1;
/*!40101 SET character_set_client = @saved_cs_client */;

--
-- Dumping data for table `departments`
--

LOCK TABLES `departments` WRITE;
/*!40000 ALTER TABLE `departments` DISABLE KEYS */;
INSERT INTO `departments` VALUES (10,'Administration',200,1700),(20,'Marketing',201,1800),(30,'Purchasing',114,1700),(40,'Human Resources',203,2400),(50,'Shipping',121,1500),(60,'IT',103,1400),(70,'Public Relations',204,2700),(80,'Sales',145,2500),(90,'Executive',100,1700),(100,'Finance',108,1700),(110,'Accounting',205,1700),(120,'Treasury',0,1700),(130,'Corporate Tax',0,1700),(140,'Control And Credit',0,1700),(150,'Shareholder Services',0,1700),(160,'Benefits',0,1700),(170,'Manufacturing',0,1700),(180,'Construction',0,1700),(190,'Contracting',0,1700),(200,'Operations',0,1700),(210,'IT Support',0,1700),(220,'NOC',0,1700),(230,'IT Helpdesk',0,1700),(240,'Government Sales',0,1700),(250,'Retail Sales',0,1700),(260,'Recruiting',0,1700),(270,'Payroll',0,1700);
/*!40000 ALTER TABLE `departments` ENABLE KEYS */;
UNLOCK TABLES;

--
-- Temporary view structure for view `deppartments_salary_difference`
--

DROP TABLE IF EXISTS `deppartments_salary_difference`;
/*!50001 DROP VIEW IF EXISTS `deppartments_salary_difference`*/;
SET @saved_cs_client     = @@character_set_client;
/*!50503 SET character_set_client = utf8mb4 */;
/*!50001 CREATE VIEW `deppartments_salary_difference` AS SELECT 
 1 AS `department_name`*/;
SET character_set_client = @saved_cs_client;

--
-- Temporary view structure for view `deptaddresses`
--

DROP TABLE IF EXISTS `deptaddresses`;
/*!50001 DROP VIEW IF EXISTS `deptaddresses`*/;
SET @saved_cs_client     = @@character_set_client;
/*!50503 SET character_set_client = utf8mb4 */;
/*!50001 CREATE VIEW `deptaddresses` AS SELECT 
 1 AS `department_name`,
 1 AS `location_id`,
 1 AS `street_address`,
 1 AS `city`,
 1 AS `state_province`,
 1 AS `country_name`*/;
SET character_set_client = @saved_cs_client;

--
-- Table structure for table `emp_mstr`
--

DROP TABLE IF EXISTS `emp_mstr`;
/*!40101 SET @saved_cs_client     = @@character_set_client */;
/*!50503 SET character_set_client = utf8mb4 */;
CREATE TABLE `emp_mstr` (
  `Emp_id` int DEFAULT NULL,
  `Emp_name` varchar(10) DEFAULT NULL,
  `Job_name` varchar(10) DEFAULT NULL,
  `Hire_date` date DEFAULT NULL,
  `Salary` int DEFAULT NULL,
  `Dep_id` int DEFAULT NULL
) ENGINE=InnoDB DEFAULT CHARSET=utf8mb4 COLLATE=utf8mb4_0900_ai_ci;
/*!40101 SET character_set_client = @saved_cs_client */;

--
-- Dumping data for table `emp_mstr`
--

LOCK TABLES `emp_mstr` WRITE;
/*!40000 ALTER TABLE `emp_mstr` DISABLE KEYS */;
INSERT INTO `emp_mstr` VALUES (69062,'FRANK','ANALYST','1991-12-03',3100,2001),(63679,'SANDRINE','CLERK','1990-12-18',900,2001),(64989,'ADELYN','SALESMAN','1991-02-20',1700,3001),(65271,'WADE','SALESMAN','1991-02-22',1350,3001),(66564,'MADDEN','SALESMAN','1991-09-28',1350,3001),(68454,'TUCKER','SALESMAN','1991-09-08',1600,3001),(68736,'ADNRES','CLERK','1997-05-23',1200,2001),(69000,'JULIUS','CLERK','1991-12-03',1050,3001),(69324,'MARKER','CLERK','1992-01-23',1400,1001),(68736,'ADNRES','CLERK','1997-05-23',1200,2001),(67832,'CLARE','MANAGER','1991-06-09',2000,1001),(64989,'ADELYN','SALESMAN','1991-02-20',1700,3001);
/*!40000 ALTER TABLE `emp_mstr` ENABLE KEYS */;
UNLOCK TABLES;

--
-- Table structure for table `employee`
--

DROP TABLE IF EXISTS `employee`;
/*!40101 SET @saved_cs_client     = @@character_set_client */;
/*!50503 SET character_set_client = utf8mb4 */;
CREATE TABLE `employee` (
  `Eid` int DEFAULT NULL,
  `Cname` varchar(10) DEFAULT NULL,
  `Address` varchar(10) DEFAULT NULL,
  `Dept` varchar(10) DEFAULT NULL,
  `Salary` int DEFAULT NULL
) ENGINE=InnoDB DEFAULT CHARSET=utf8mb4 COLLATE=utf8mb4_0900_ai_ci;
/*!40101 SET character_set_client = @saved_cs_client */;

--
-- Dumping data for table `employee`
--

LOCK TABLES `employee` WRITE;
/*!40000 ALTER TABLE `employee` DISABLE KEYS */;
INSERT INTO `employee` VALUES (1,'Ram','chd','HR',10000),(2,'Amit','delhi','MRKT',20000),(3,'Ravi','pune','HR',30000),(4,'Nitin','bang','MRKT',40000),(5,'Varun','chd','IT',50000);
/*!40000 ALTER TABLE `employee` ENABLE KEYS */;
UNLOCK TABLES;

--
-- Temporary view structure for view `employee_country_names`
--

DROP TABLE IF EXISTS `employee_country_names`;
/*!50001 DROP VIEW IF EXISTS `employee_country_names`*/;
SET @saved_cs_client     = @@character_set_client;
/*!50503 SET character_set_client = utf8mb4 */;
/*!50001 CREATE VIEW `employee_country_names` AS SELECT 
 1 AS `full_name`,
 1 AS `country_name`*/;
SET character_set_client = @saved_cs_client;

--
-- Table structure for table `employees`
--

DROP TABLE IF EXISTS `employees`;
/*!40101 SET @saved_cs_client     = @@character_set_client */;
/*!50503 SET character_set_client = utf8mb4 */;
CREATE TABLE `employees` (
  `EMPLOYEE_ID` decimal(6,0) NOT NULL DEFAULT '0',
  `FIRST_NAME` varchar(20) DEFAULT NULL,
  `LAST_NAME` varchar(25) NOT NULL,
  `EMAIL` varchar(25) DEFAULT NULL,
  `PHONE_NUMBER` varchar(20) DEFAULT NULL,
  `HIRE_DATE` date NOT NULL,
  `JOB_ID` varchar(10) NOT NULL,
  `SALARY` decimal(8,2) DEFAULT NULL,
  `COMMISSION_PCT` decimal(2,2) DEFAULT NULL,
  `MANAGER_ID` decimal(6,0) DEFAULT NULL,
  `DEPARTMENT_ID` decimal(4,0) DEFAULT NULL,
  PRIMARY KEY (`EMPLOYEE_ID`),
  UNIQUE KEY `EMP_EMAIL_UK` (`EMAIL`),
  KEY `EMP_DEPARTMENT_IX` (`DEPARTMENT_ID`),
  KEY `EMP_JOB_IX` (`JOB_ID`),
  KEY `EMP_MANAGER_IX` (`MANAGER_ID`),
  KEY `EMP_NAME_IX` (`LAST_NAME`,`FIRST_NAME`)
) ENGINE=MyISAM DEFAULT CHARSET=latin1;
/*!40101 SET character_set_client = @saved_cs_client */;

--
-- Dumping data for table `employees`
--

LOCK TABLES `employees` WRITE;
/*!40000 ALTER TABLE `employees` DISABLE KEYS */;
INSERT INTO `employees` VALUES (100,'Steven','King','SKING','515.123.4567','1987-06-17','AD_PRES',24000.00,0.00,0,90),(101,'Neena','Kochhar','NKOCHHAR','515.123.4568','1987-06-18','AD_VP',17000.00,0.00,100,90),(102,'Lex','De Haan','LDEHAAN','515.123.4569','1987-06-19','AD_VP',17000.00,0.00,100,90),(103,'Alexander','Hunold','AHUNOLD','590.423.4567','1987-06-20','IT_PROG',9000.00,0.00,102,60),(104,'Bruce','Ernst','BERNST','590.423.4568','1987-06-21','IT_PROG',6000.00,0.00,103,60),(105,'David','Austin','DAUSTIN','590.423.4569','1987-06-22','IT_PROG',4800.00,0.00,103,60),(106,'Valli','Pataballa','VPATABAL','590.423.4560','1987-06-23','IT_PROG',4800.00,0.00,103,60),(107,'Diana','Lorentz','DLORENTZ','590.423.5567','1987-06-24','IT_PROG',4200.00,0.00,103,60),(108,'Nancy','Greenberg','NGREENBE','515.124.4569','1987-06-25','FI_MGR',12000.00,0.00,101,100),(109,'Daniel','Faviet','DFAVIET','515.124.4169','1987-06-26','FI_ACCOUNT',9000.00,0.00,108,100),(110,'John','Chen','JCHEN','515.124.4269','1987-06-27','FI_ACCOUNT',8200.00,0.00,108,100),(111,'Ismael','Sciarra','ISCIARRA','515.124.4369','1987-06-28','FI_ACCOUNT',7700.00,0.00,108,100),(112,'Jose Manuel','Urman','JMURMAN','515.124.4469','1987-06-29','FI_ACCOUNT',7800.00,0.00,108,100),(113,'Luis','Popp','LPOPP','515.124.4567','1987-06-30','FI_ACCOUNT',6900.00,0.00,108,100),(114,'Den','Raphaely','DRAPHEAL','515.127.4561','1987-07-01','PU_MAN',11000.00,0.00,100,30),(115,'Alexander','Khoo','AKHOO','515.127.4562','1987-07-02','PU_CLERK',3100.00,0.00,114,30),(116,'Shelli','Baida','SBAIDA','515.127.4563','1987-07-03','PU_CLERK',2900.00,0.00,114,30),(117,'Sigal','Tobias','STOBIAS','515.127.4564','1987-07-04','PU_CLERK',2800.00,0.00,114,30),(118,'Guy','Himuro','GHIMURO','515.127.4565','1987-07-05','PU_CLERK',2600.00,0.00,114,30),(119,'Karen','Colmenares','KCOLMENA','515.127.4566','1987-07-06','PU_CLERK',2500.00,0.00,114,30),(120,'Matthew','Weiss','MWEISS','650.123.1234','1987-07-07','ST_MAN',8000.00,0.00,100,50),(121,'Adam','Fripp','AFRIPP','650.123.2234','1987-07-08','ST_MAN',8200.00,0.00,100,50),(122,'Payam','Kaufling','PKAUFLIN','650.123.3234','1987-07-09','ST_MAN',7900.00,0.00,100,50),(123,'Shanta','Vollman','SVOLLMAN','650.123.4234','1987-07-10','ST_MAN',6500.00,0.00,100,50),(124,'Kevin','Mourgos','KMOURGOS','650.123.5234','1987-07-11','ST_MAN',5800.00,0.00,100,50),(125,'Julia','Nayer','JNAYER','650.124.1214','1987-07-12','ST_CLERK',3200.00,0.00,120,50),(126,'Irene','Mikkilineni','IMIKKILI','650.124.1224','1987-07-13','ST_CLERK',2700.00,0.00,120,50),(127,'James','Landry','JLANDRY','650.124.1334','1987-07-14','ST_CLERK',2400.00,0.00,120,50),(128,'Steven','Markle','SMARKLE','650.124.1434','1987-07-15','ST_CLERK',2200.00,0.00,120,50),(129,'Laura','Bissot','LBISSOT','650.124.5234','1987-07-16','ST_CLERK',3300.00,0.00,121,50),(130,'Mozhe','Atkinson','MATKINSO','650.124.6234','1987-07-17','ST_CLERK',2800.00,0.00,121,50),(131,'James','Marlow','JAMRLOW','650.124.7234','1987-07-18','ST_CLERK',2500.00,0.00,121,50),(132,'TJ','Olson','TJOLSON','650.124.8234','1987-07-19','ST_CLERK',2100.00,0.00,121,50),(133,'Jason','Mallin','JMALLIN','650.127.1934','1987-07-20','ST_CLERK',3300.00,0.00,122,50),(134,'Michael','Rogers','MROGERS','650.127.1834','1987-07-21','ST_CLERK',2900.00,0.00,122,50),(135,'Ki','Gee','KGEE','650.127.1734','1987-07-22','ST_CLERK',2400.00,0.00,122,50),(136,'Hazel','Philtanker','HPHILTAN','650.127.1634','1987-07-23','ST_CLERK',2200.00,0.00,122,50),(137,'Renske','Ladwig','RLADWIG','650.121.1234','1987-07-24','ST_CLERK',3600.00,0.00,123,50),(138,'Stephen','Stiles','SSTILES','650.121.2034','1987-07-25','ST_CLERK',3200.00,0.00,123,50),(139,'John','Seo','JSEO','650.121.2019','1987-07-26','ST_CLERK',2700.00,0.00,123,50),(140,'Joshua','Patel','JPATEL','650.121.1834','1987-07-27','ST_CLERK',2500.00,0.00,123,50),(141,'Trenna','Rajs','TRAJS','650.121.8009','1987-07-28','ST_CLERK',3500.00,0.00,124,50),(142,'Curtis','Davies','CDAVIES','650.121.2994','1987-07-29','ST_CLERK',3100.00,0.00,124,50),(143,'Randall','Matos','RMATOS','650.121.2874','1987-07-30','ST_CLERK',2600.00,0.00,124,50),(144,'Peter','Vargas','PVARGAS','650.121.2004','1987-07-31','ST_CLERK',2500.00,0.00,124,50),(145,'John','Russell','JRUSSEL','011.44.1344.429268','1987-08-01','SA_MAN',14000.00,0.40,100,80),(146,'Karen','Partners','KPARTNER','011.44.1344.467268','1987-08-02','SA_MAN',13500.00,0.30,100,80),(147,'Alberto','Errazuriz','AERRAZUR','011.44.1344.429278','1987-08-03','SA_MAN',12000.00,0.30,100,80),(148,'Gerald','Cambrault','GCAMBRAU','011.44.1344.619268','1987-08-04','SA_MAN',11000.00,0.30,100,80),(149,'Eleni','Zlotkey','EZLOTKEY','011.44.1344.429018','1987-08-05','SA_MAN',10500.00,0.20,100,80),(150,'Peter','Tucker','PTUCKER','011.44.1344.129268','1987-08-06','SA_REP',10000.00,0.30,145,80),(151,'David','Bernstein','DBERNSTE','011.44.1344.345268','1987-08-07','SA_REP',9500.00,0.25,145,80),(152,'Peter','Hall','PHALL','011.44.1344.478968','1987-08-08','SA_REP',9000.00,0.25,145,80),(153,'Christopher','Olsen','COLSEN','011.44.1344.498718','1987-08-09','SA_REP',8000.00,0.20,145,80),(154,'Nanette','Cambrault','NCAMBRAU','011.44.1344.987668','1987-08-10','SA_REP',7500.00,0.20,145,80),(155,'Oliver','Tuvault','OTUVAULT','011.44.1344.486508','1987-08-11','SA_REP',7000.00,0.15,145,80),(156,'Janette','King','JKING','011.44.1345.429268','1987-08-12','SA_REP',10000.00,0.35,146,80),(157,'Patrick','Sully','PSULLY','011.44.1345.929268','1987-08-13','SA_REP',9500.00,0.35,146,80),(158,'Allan','McEwen','AMCEWEN','011.44.1345.829268','1987-08-14','SA_REP',9000.00,0.35,146,80),(159,'Lindsey','Smith','LSMITH','011.44.1345.729268','1987-08-15','SA_REP',8000.00,0.30,146,80),(160,'Louise','Doran','LDORAN','011.44.1345.629268','1987-08-16','SA_REP',7500.00,0.30,146,80),(161,'Sarath','Sewall','SSEWALL','011.44.1345.529268','1987-08-17','SA_REP',7000.00,0.25,146,80),(162,'Clara','Vishney','CVISHNEY','011.44.1346.129268','1987-08-18','SA_REP',10500.00,0.25,147,80),(163,'Danielle','Greene','DGREENE','011.44.1346.229268','1987-08-19','SA_REP',9500.00,0.15,147,80),(164,'Mattea','Marvins','MMARVINS','011.44.1346.329268','1987-08-20','SA_REP',7200.00,0.10,147,80),(165,'David','Lee','DLEE','011.44.1346.529268','1987-08-21','SA_REP',6800.00,0.10,147,80),(166,'Sundar','Ande','SANDE','011.44.1346.629268','1987-08-22','SA_REP',6400.00,0.10,147,80),(167,'Amit','Banda','ABANDA','011.44.1346.729268','1987-08-23','SA_REP',6200.00,0.10,147,80),(168,'Lisa','Ozer','LOZER','011.44.1343.929268','1987-08-24','SA_REP',11500.00,0.25,148,80),(169,'Harrison','Bloom','HBLOOM','011.44.1343.829268','1987-08-25','SA_REP',10000.00,0.20,148,80),(170,'Tayler','Fox','TFOX','011.44.1343.729268','1987-08-26','SA_REP',9600.00,0.20,148,80),(171,'William','Smith','WSMITH','011.44.1343.629268','1987-08-27','SA_REP',7400.00,0.15,148,80),(172,'Elizabeth','Bates','EBATES','011.44.1343.529268','1987-08-28','SA_REP',7300.00,0.15,148,80),(173,'Sundita','Kumar','SKUMAR','011.44.1343.329268','1987-08-29','SA_REP',6100.00,0.10,148,80),(174,'Ellen','Abel','EABEL','011.44.1644.429267','1987-08-30','SA_REP',11000.00,0.30,149,80),(175,'Alyssa','Hutton','AHUTTON','011.44.1644.429266','1987-08-31','SA_REP',8800.00,0.25,149,80),(176,'Jonathon','Taylor','JTAYLOR','011.44.1644.429265','1987-09-01','SA_REP',8600.00,0.20,149,80),(177,'Jack','Livingston','JLIVINGS','011.44.1644.429264','1987-09-02','SA_REP',8400.00,0.20,149,80),(178,'Kimberely','Grant','KGRANT','011.44.1644.429263','1987-09-03','SA_REP',7000.00,0.15,149,0),(179,'Charles','Johnson','CJOHNSON','011.44.1644.429262','1987-09-04','SA_REP',6200.00,0.10,149,80),(180,'Winston','Taylor','WTAYLOR','650.507.9876','1987-09-05','SH_CLERK',3200.00,0.00,120,50),(181,'Jean','Fleaur','JFLEAUR','650.507.9877','1987-09-06','SH_CLERK',3100.00,0.00,120,50),(182,'Martha','Sullivan','MSULLIVA','650.507.9878','1987-09-07','SH_CLERK',2500.00,0.00,120,50),(183,'Girard','Geoni','GGEONI','650.507.9879','1987-09-08','SH_CLERK',2800.00,0.00,120,50),(184,'Nandita','Sarchand','NSARCHAN','650.509.1876','1987-09-09','SH_CLERK',4200.00,0.00,121,50),(185,'Alexis','Bull','ABULL','650.509.2876','1987-09-10','SH_CLERK',4100.00,0.00,121,50),(186,'Julia','Dellinger','JDELLING','650.509.3876','1987-09-11','SH_CLERK',3400.00,0.00,121,50),(187,'Anthony','Cabrio','ACABRIO','650.509.4876','1987-09-12','SH_CLERK',3000.00,0.00,121,50),(188,'Kelly','Chung','KCHUNG','650.505.1876','1987-09-13','SH_CLERK',3800.00,0.00,122,50),(189,'Jennifer','Dilly','JDILLY','650.505.2876','1987-09-14','SH_CLERK',3600.00,0.00,122,50),(190,'Timothy','Gates','TGATES','650.505.3876','1987-09-15','SH_CLERK',2900.00,0.00,122,50),(191,'Randall','Perkins','RPERKINS','650.505.4876','1987-09-16','SH_CLERK',2500.00,0.00,122,50),(192,'Sarah','Bell','SBELL','650.501.1876','1987-09-17','SH_CLERK',4000.00,0.00,123,50),(193,'Britney','Everett','BEVERETT','650.501.2876','1987-09-18','SH_CLERK',3900.00,0.00,123,50),(194,'Samuel','McCain','SMCCAIN','650.501.3876','1987-09-19','SH_CLERK',3200.00,0.00,123,50),(195,'Vance','Jones','VJONES','650.501.4876','1987-09-20','SH_CLERK',2800.00,0.00,123,50),(196,'Alana','Walsh','AWALSH','650.507.9811','1987-09-21','SH_CLERK',3100.00,0.00,124,50),(197,'Kevin','Feeney','KFEENEY','650.507.9822','1987-09-22','SH_CLERK',3000.00,0.00,124,50),(198,'Donald','OConnell','DOCONNEL','650.507.9833','1987-09-23','SH_CLERK',2600.00,0.00,124,50),(199,'Douglas','Grant','DGRANT','650.507.9844','1987-09-24','SH_CLERK',2600.00,0.00,124,50),(200,'Jennifer','Whalen','JWHALEN','515.123.4444','1987-09-25','AD_ASST',4400.00,0.00,101,10),(201,'Michael','Hartstein','MHARTSTE','515.123.5555','1987-09-26','MK_MAN',13000.00,0.00,100,20),(202,'Pat','Fay','PFAY','603.123.6666','1987-09-27','MK_REP',6000.00,0.00,201,20),(203,'Susan','Mavris','SMAVRIS','515.123.7777','1987-09-28','HR_REP',6500.00,0.00,101,40),(204,'Hermann','Baer','HBAER','515.123.8888','1987-09-29','PR_REP',10000.00,0.00,101,70),(205,'Shelley','Higgins','SHIGGINS','515.123.8080','1987-09-30','AC_MGR',12000.00,0.00,101,110),(206,'William','Gietz','WGIETZ','515.123.8181','1987-10-01','AC_ACCOUNT',8300.00,0.00,205,110);
/*!40000 ALTER TABLE `employees` ENABLE KEYS */;
UNLOCK TABLES;

--
-- Temporary view structure for view `employees_hired_before_susan`
--

DROP TABLE IF EXISTS `employees_hired_before_susan`;
/*!50001 DROP VIEW IF EXISTS `employees_hired_before_susan`*/;
SET @saved_cs_client     = @@character_set_client;
/*!50503 SET character_set_client = utf8mb4 */;
/*!50001 CREATE VIEW `employees_hired_before_susan` AS SELECT 
 1 AS `full_name`,
 1 AS `hire_date`*/;
SET character_set_client = @saved_cs_client;

--
-- Temporary view structure for view `high_salary_employees`
--

DROP TABLE IF EXISTS `high_salary_employees`;
/*!50001 DROP VIEW IF EXISTS `high_salary_employees`*/;
SET @saved_cs_client     = @@character_set_client;
/*!50503 SET character_set_client = utf8mb4 */;
/*!50001 CREATE VIEW `high_salary_employees` AS SELECT 
 1 AS `first_name`,
 1 AS `last_name`,
 1 AS `salary`*/;
SET character_set_client = @saved_cs_client;

--
-- Temporary view structure for view `high_salary_jobs`
--

DROP TABLE IF EXISTS `high_salary_jobs`;
/*!50001 DROP VIEW IF EXISTS `high_salary_jobs`*/;
SET @saved_cs_client     = @@character_set_client;
/*!50503 SET character_set_client = utf8mb4 */;
/*!50001 CREATE VIEW `high_salary_jobs` AS SELECT 
 1 AS `job_id`,
 1 AS `job_title`,
 1 AS `max_salary`*/;
SET character_set_client = @saved_cs_client;

--
-- Temporary view structure for view `job_duration_view`
--

DROP TABLE IF EXISTS `job_duration_view`;
/*!50001 DROP VIEW IF EXISTS `job_duration_view`*/;
SET @saved_cs_client     = @@character_set_client;
/*!50503 SET character_set_client = utf8mb4 */;
/*!50001 CREATE VIEW `job_duration_view` AS SELECT 
 1 AS `employee_id`,
 1 AS `job_title`,
 1 AS `duration_days`*/;
SET character_set_client = @saved_cs_client;

--
-- Table structure for table `job_history`
--

DROP TABLE IF EXISTS `job_history`;
/*!40101 SET @saved_cs_client     = @@character_set_client */;
/*!50503 SET character_set_client = utf8mb4 */;
CREATE TABLE `job_history` (
  `EMPLOYEE_ID` decimal(6,0) NOT NULL,
  `START_DATE` date NOT NULL,
  `END_DATE` date NOT NULL,
  `JOB_ID` varchar(10) NOT NULL,
  `DEPARTMENT_ID` decimal(4,0) DEFAULT NULL,
  PRIMARY KEY (`EMPLOYEE_ID`,`START_DATE`),
  KEY `JHIST_DEPARTMENT_IX` (`DEPARTMENT_ID`),
  KEY `JHIST_EMPLOYEE_IX` (`EMPLOYEE_ID`),
  KEY `JHIST_JOB_IX` (`JOB_ID`)
) ENGINE=MyISAM DEFAULT CHARSET=latin1;
/*!40101 SET character_set_client = @saved_cs_client */;

--
-- Dumping data for table `job_history`
--

LOCK TABLES `job_history` WRITE;
/*!40000 ALTER TABLE `job_history` DISABLE KEYS */;
INSERT INTO `job_history` VALUES (102,'1993-01-13','1998-07-24','IT_PROG',60),(101,'1989-09-21','1993-10-27','AC_ACCOUNT',110),(101,'1993-10-28','1997-03-15','AC_MGR',110),(201,'1996-02-17','1999-12-19','MK_REP',20),(114,'1998-03-24','1999-12-31','ST_CLERK',50),(122,'1999-01-01','1999-12-31','ST_CLERK',50),(200,'1987-09-17','1993-06-17','AD_ASST',90),(176,'1998-03-24','1998-12-31','SA_REP',80),(176,'1999-01-01','1999-12-31','SA_MAN',80),(200,'1994-07-01','1998-12-31','AC_ACCOUNT',90),(0,'0000-00-00','0000-00-00','',0);
/*!40000 ALTER TABLE `job_history` ENABLE KEYS */;
UNLOCK TABLES;

--
-- Table structure for table `jobs`
--

DROP TABLE IF EXISTS `jobs`;
/*!40101 SET @saved_cs_client     = @@character_set_client */;
/*!50503 SET character_set_client = utf8mb4 */;
CREATE TABLE `jobs` (
  `JOB_ID` varchar(10) NOT NULL DEFAULT '',
  `JOB_TITLE` varchar(35) NOT NULL,
  `MIN_SALARY` decimal(6,0) DEFAULT NULL,
  `MAX_SALARY` decimal(6,0) DEFAULT NULL,
  PRIMARY KEY (`JOB_ID`)
) ENGINE=MyISAM DEFAULT CHARSET=latin1;
/*!40101 SET character_set_client = @saved_cs_client */;

--
-- Dumping data for table `jobs`
--

LOCK TABLES `jobs` WRITE;
/*!40000 ALTER TABLE `jobs` DISABLE KEYS */;
INSERT INTO `jobs` VALUES ('AD_PRES','President',20000,40000),('AD_VP','Administration Vice President',15000,30000),('AD_ASST','Administration Assistant',3000,6000),('FI_MGR','Finance Manager',8200,16000),('FI_ACCOUNT','Accountant',4200,9000),('AC_MGR','Accounting Manager',8200,16000),('AC_ACCOUNT','Public Accountant',4200,9000),('SA_MAN','Sales Manager',10000,20000),('SA_REP','Sales Representative',6000,12000),('PU_MAN','Purchasing Manager',8000,15000),('PU_CLERK','Purchasing Clerk',2500,5500),('ST_MAN','Stock Manager',5500,8500),('ST_CLERK','Stock Clerk',2000,5000),('SH_CLERK','Shipping Clerk',2500,5500),('IT_PROG','Programmer',4000,10000),('MK_MAN','Marketing Manager',9000,15000),('MK_REP','Marketing Representative',4000,9000),('HR_REP','Human Resources Representative',4000,9000),('PR_REP','Public Relations Representative',4500,10500);
/*!40000 ALTER TABLE `jobs` ENABLE KEYS */;
UNLOCK TABLES;

--
-- Table structure for table `language`
--

DROP TABLE IF EXISTS `language`;
/*!40101 SET @saved_cs_client     = @@character_set_client */;
/*!50503 SET character_set_client = utf8mb4 */;
CREATE TABLE `language` (
  `Language_id` int NOT NULL,
  `Name` varchar(20) DEFAULT NULL,
  `Last_update` timestamp NULL DEFAULT NULL,
  PRIMARY KEY (`Language_id`)
) ENGINE=InnoDB DEFAULT CHARSET=utf8mb4 COLLATE=utf8mb4_0900_ai_ci;
/*!40101 SET character_set_client = @saved_cs_client */;

--
-- Dumping data for table `language`
--

LOCK TABLES `language` WRITE;
/*!40000 ALTER TABLE `language` DISABLE KEYS */;
INSERT INTO `language` VALUES (101,'Sanskrit','2023-09-01 04:52:25'),(102,'Hindi','2023-09-01 04:59:02'),(103,'English','2006-02-14 23:32:19'),(104,'Franch','2023-09-01 04:59:02'),(105,'Japanese','2023-09-01 04:59:02'),(106,'Hindi','2013-07-05 06:53:05'),(107,'Hindi','2020-07-13 04:30:19'),(108,'Hindi','2020-07-13 04:30:19'),(109,'SPANISH','2023-10-05 02:32:52');
/*!40000 ALTER TABLE `language` ENABLE KEYS */;
UNLOCK TABLES;

--
-- Table structure for table `language_after_delete`
--

DROP TABLE IF EXISTS `language_after_delete`;
/*!40101 SET @saved_cs_client     = @@character_set_client */;
/*!50503 SET character_set_client = utf8mb4 */;
CREATE TABLE `language_after_delete` (
  `language_id` tinyint DEFAULT NULL,
  `name` char(20) DEFAULT NULL,
  `status` varchar(200) DEFAULT NULL
) ENGINE=InnoDB DEFAULT CHARSET=utf8mb4 COLLATE=utf8mb4_0900_ai_ci;
/*!40101 SET character_set_client = @saved_cs_client */;

--
-- Dumping data for table `language_after_delete`
--

LOCK TABLES `language_after_delete` WRITE;
/*!40000 ALTER TABLE `language_after_delete` DISABLE KEYS */;
/*!40000 ALTER TABLE `language_after_delete` ENABLE KEYS */;
UNLOCK TABLES;

--
-- Table structure for table `language_before_delete`
--

DROP TABLE IF EXISTS `language_before_delete`;
/*!40101 SET @saved_cs_client     = @@character_set_client */;
/*!50503 SET character_set_client = utf8mb4 */;
CREATE TABLE `language_before_delete` (
  `language_id` tinyint DEFAULT NULL,
  `name` char(20) DEFAULT NULL,
  `last_update` timestamp NULL DEFAULT NULL,
  `status` char(20) DEFAULT 'Before Delete'
) ENGINE=InnoDB DEFAULT CHARSET=utf8mb4 COLLATE=utf8mb4_0900_ai_ci;
/*!40101 SET character_set_client = @saved_cs_client */;

--
-- Dumping data for table `language_before_delete`
--

LOCK TABLES `language_before_delete` WRITE;
/*!40000 ALTER TABLE `language_before_delete` DISABLE KEYS */;
/*!40000 ALTER TABLE `language_before_delete` ENABLE KEYS */;
UNLOCK TABLES;

--
-- Temporary view structure for view `languageview`
--

DROP TABLE IF EXISTS `languageview`;
/*!50001 DROP VIEW IF EXISTS `languageview`*/;
SET @saved_cs_client     = @@character_set_client;
/*!50503 SET character_set_client = utf8mb4 */;
/*!50001 CREATE VIEW `languageview` AS SELECT 
 1 AS `Language_id`,
 1 AS `Name`,
 1 AS `Last_update`*/;
SET character_set_client = @saved_cs_client;

--
-- Table structure for table `locations`
--

DROP TABLE IF EXISTS `locations`;
/*!40101 SET @saved_cs_client     = @@character_set_client */;
/*!50503 SET character_set_client = utf8mb4 */;
CREATE TABLE `locations` (
  `LOCATION_ID` decimal(4,0) NOT NULL DEFAULT '0',
  `STREET_ADDRESS` varchar(40) DEFAULT NULL,
  `POSTAL_CODE` varchar(12) DEFAULT NULL,
  `CITY` varchar(30) NOT NULL,
  `STATE_PROVINCE` varchar(25) DEFAULT NULL,
  `COUNTRY_ID` varchar(2) DEFAULT NULL,
  PRIMARY KEY (`LOCATION_ID`),
  KEY `LOC_CITY_IX` (`CITY`),
  KEY `LOC_COUNTRY_IX` (`COUNTRY_ID`),
  KEY `LOC_STATE_PROVINCE_IX` (`STATE_PROVINCE`)
) ENGINE=MyISAM DEFAULT CHARSET=latin1;
/*!40101 SET character_set_client = @saved_cs_client */;

--
-- Dumping data for table `locations`
--

LOCK TABLES `locations` WRITE;
/*!40000 ALTER TABLE `locations` DISABLE KEYS */;
INSERT INTO `locations` VALUES (1000,'1297 Via Cola di Rie','989','Roma','','IT'),(1100,'93091 Calle della Testa','10934','Venice','','IT'),(1200,'2017 Shinjuku-ku','1689','Tokyo','Tokyo Prefecture','JP'),(1300,'9450 Kamiya-cho','6823','Hiroshima','','JP'),(1400,'2014 Jabberwocky Rd','26192','Southlake','Texas','US'),(1500,'2011 Interiors Blvd','99236','South San Francisco','California','US'),(1600,'2007 Zagora St','50090','South Brunswick','New Jersey','US'),(1700,'2004 Charade Rd','98199','Seattle','Washington','US'),(1800,'147 Spadina Ave','M5V 2L7','Toronto','Ontario','CA'),(1900,'6092 Boxwood St','YSW 9T2','Whitehorse','Yukon','CA'),(2000,'40-5-12 Laogianggen','190518','Beijing','','CN'),(2100,'1298 Vileparle (E)','490231','Bombay','Maharashtra','IN'),(2200,'12-98 Victoria Street','2901','Sydney','New South Wales','AU'),(2300,'198 Clementi North','540198','Singapore','','SG'),(2400,'8204 Arthur St','','London','','UK'),(2500,'\"Magdalen Centre',' The Oxford ','OX9 9ZB','Oxford','Ox'),(2600,'9702 Chester Road','9629850293','Stretford','Manchester','UK'),(2700,'Schwanthalerstr. 7031','80925','Munich','Bavaria','DE'),(2800,'Rua Frei Caneca 1360','01307-002','Sao Paulo','Sao Paulo','BR'),(2900,'20 Rue des Corps-Saints','1730','Geneva','Geneve','CH'),(3000,'Murtenstrasse 921','3095','Bern','BE','CH'),(3100,'Pieter Breughelstraat 837','3029SK','Utrecht','Utrecht','NL'),(3200,'Mariano Escobedo 9991','11932','Mexico City','\"Distrito Federal','\"');
/*!40000 ALTER TABLE `locations` ENABLE KEYS */;
UNLOCK TABLES;

--
-- Temporary view structure for view `manager_names`
--

DROP TABLE IF EXISTS `manager_names`;
/*!50001 DROP VIEW IF EXISTS `manager_names`*/;
SET @saved_cs_client     = @@character_set_client;
/*!50503 SET character_set_client = utf8mb4 */;
/*!50001 CREATE VIEW `manager_names` AS SELECT 
 1 AS `first_name`,
 1 AS `last_name`*/;
SET character_set_client = @saved_cs_client;

--
-- Temporary view structure for view `mylanguageview`
--

DROP TABLE IF EXISTS `mylanguageview`;
/*!50001 DROP VIEW IF EXISTS `mylanguageview`*/;
SET @saved_cs_client     = @@character_set_client;
/*!50503 SET character_set_client = utf8mb4 */;
/*!50001 CREATE VIEW `mylanguageview` AS SELECT 
 1 AS `Language_id`,
 1 AS `Name`,
 1 AS `Last_update`*/;
SET character_set_client = @saved_cs_client;

--
-- Table structure for table `product_master`
--

DROP TABLE IF EXISTS `product_master`;
/*!40101 SET @saved_cs_client     = @@character_set_client */;
/*!50503 SET character_set_client = utf8mb4 */;
CREATE TABLE `product_master` (
  `Product_no` varchar(6) NOT NULL,
  `Description` varchar(15) NOT NULL,
  `P_percent` decimal(4,2) NOT NULL,
  `U_measure` varchar(10) NOT NULL,
  `Qty_on_hand` int NOT NULL,
  `Reorder_lvl` int NOT NULL,
  `Sell_price` decimal(8,2) NOT NULL,
  `Cost_price` decimal(8,2) NOT NULL,
  PRIMARY KEY (`Product_no`),
  CONSTRAINT `product_master_chk_1` CHECK ((`Product_no` like cast(_cp850'P%' as char charset binary))),
  CONSTRAINT `product_master_chk_2` CHECK ((`Sell_price` <> 0)),
  CONSTRAINT `product_master_chk_3` CHECK ((`Cost_price` <> 0))
) ENGINE=InnoDB DEFAULT CHARSET=utf8mb4 COLLATE=utf8mb4_0900_ai_ci;
/*!40101 SET character_set_client = @saved_cs_client */;

--
-- Dumping data for table `product_master`
--

LOCK TABLES `product_master` WRITE;
/*!40000 ALTER TABLE `product_master` DISABLE KEYS */;
INSERT INTO `product_master` VALUES ('P001','Floppies',5.00,'Piece',100,20,525.00,500.00),('P002','Monitor',6.00,'Piece',10,3,12000.00,11280.00),('P003','Mouse',5.00,'Piece',20,5,1050.00,1000.00),('P004','Floppies',5.00,'Piece',100,20,525.00,500.00),('P005','Keyboards',2.00,'Piece',10,3,3150.00,3050.00),('P006','Cd Drive',2.50,'Piece',10,3,5250.00,5100.00),('P007','1.44 Drive',4.00,'Piece',10,3,8400.00,8000.00);
/*!40000 ALTER TABLE `product_master` ENABLE KEYS */;
UNLOCK TABLES;

--
-- Table structure for table `project`
--

DROP TABLE IF EXISTS `project`;
/*!40101 SET @saved_cs_client     = @@character_set_client */;
/*!50503 SET character_set_client = utf8mb4 */;
CREATE TABLE `project` (
  `Eid` int DEFAULT NULL,
  `Pid` varchar(5) DEFAULT NULL,
  `Pname` varchar(20) DEFAULT NULL,
  `Location` varchar(20) DEFAULT NULL
) ENGINE=InnoDB DEFAULT CHARSET=utf8mb4 COLLATE=utf8mb4_0900_ai_ci;
/*!40101 SET character_set_client = @saved_cs_client */;

--
-- Dumping data for table `project`
--

LOCK TABLES `project` WRITE;
/*!40000 ALTER TABLE `project` DISABLE KEYS */;
INSERT INTO `project` VALUES (1,'P1','IOT','bang'),(5,'P2','BIG Data','delhi'),(3,'P3','Retail','mumbai'),(4,'P4','Android','hyderabad');
/*!40000 ALTER TABLE `project` ENABLE KEYS */;
UNLOCK TABLES;

--
-- Table structure for table `regions`
--

DROP TABLE IF EXISTS `regions`;
/*!40101 SET @saved_cs_client     = @@character_set_client */;
/*!50503 SET character_set_client = utf8mb4 */;
CREATE TABLE `regions` (
  `REGION_ID` decimal(5,0) NOT NULL,
  `REGION_NAME` varchar(25) DEFAULT NULL,
  PRIMARY KEY (`REGION_ID`),
  UNIQUE KEY `sss` (`REGION_NAME`)
) ENGINE=MyISAM DEFAULT CHARSET=latin1;
/*!40101 SET character_set_client = @saved_cs_client */;

--
-- Dumping data for table `regions`
--

LOCK TABLES `regions` WRITE;
/*!40000 ALTER TABLE `regions` DISABLE KEYS */;
INSERT INTO `regions` VALUES (1,'Europe\r'),(2,'Americas\r'),(3,'Asia\r'),(4,'Middle East and Africa\r');
/*!40000 ALTER TABLE `regions` ENABLE KEYS */;
UNLOCK TABLES;

--
-- Table structure for table `sales_order`
--

DROP TABLE IF EXISTS `sales_order`;
/*!40101 SET @saved_cs_client     = @@character_set_client */;
/*!50503 SET character_set_client = utf8mb4 */;
CREATE TABLE `sales_order` (
  `Order_no` varchar(6) NOT NULL,
  `Order_date` date DEFAULT NULL,
  `Client_no` varchar(6) DEFAULT NULL,
  `S_no` varchar(6) DEFAULT NULL,
  `Dely_type` char(1) DEFAULT 'F',
  `Billed_yn` char(1) DEFAULT NULL,
  `Dely_date` date DEFAULT NULL,
  `Order_status` varchar(10) DEFAULT NULL,
  PRIMARY KEY (`Order_no`),
  KEY `Client_no` (`Client_no`),
  KEY `S_no` (`S_no`),
  CONSTRAINT `sales_order_ibfk_1` FOREIGN KEY (`Client_no`) REFERENCES `client_master` (`Client_no`),
  CONSTRAINT `sales_order_ibfk_2` FOREIGN KEY (`S_no`) REFERENCES `salesman_master` (`S_no`),
  CONSTRAINT `sales_order_chk_1` CHECK ((`Order_no` like _cp850'O%')),
  CONSTRAINT `sales_order_chk_2` CHECK (((`Dely_type` like _cp850'F') or (`Dely_type` like _cp850'P'))),
  CONSTRAINT `sales_order_chk_3` CHECK ((cast(`Dely_date` as date) > cast(`Order_date` as date))),
  CONSTRAINT `sales_order_chk_4` CHECK (((`Order_status` = _cp850'InProcess') or (`Order_status` = _cp850'Fullfilled') or (`Order_status` = _cp850'BackOrder') or (`Order_status` = _cp850'Cancelled')))
) ENGINE=InnoDB DEFAULT CHARSET=utf8mb4 COLLATE=utf8mb4_0900_ai_ci;
/*!40101 SET character_set_client = @saved_cs_client */;

--
-- Dumping data for table `sales_order`
--

LOCK TABLES `sales_order` WRITE;
/*!40000 ALTER TABLE `sales_order` DISABLE KEYS */;
INSERT INTO `sales_order` VALUES ('O1901','2006-01-12','C001','S001','F','N','2006-01-20','InProcess'),('O1902','2006-01-25','C002','S002','P','N','2006-01-27','Cancelled'),('O1903','2006-04-03','C001','S001','F','Y','2006-04-07','Fullfilled'),('O1908','2006-05-24','C005','S003','F','N','2006-05-26','InProcess'),('O4665','2006-02-18','C003','S003','F','Y','2006-02-20','Fullfilled'),('O4666','2006-05-20','C004','S002','P','N','2006-05-22','Cancelled');
/*!40000 ALTER TABLE `sales_order` ENABLE KEYS */;
UNLOCK TABLES;

--
-- Table structure for table `sales_order_details`
--

DROP TABLE IF EXISTS `sales_order_details`;
/*!40101 SET @saved_cs_client     = @@character_set_client */;
/*!50503 SET character_set_client = utf8mb4 */;
CREATE TABLE `sales_order_details` (
  `Order_no` varchar(6) NOT NULL,
  `Product_no` varchar(6) NOT NULL,
  `Qty_ordered` int DEFAULT NULL,
  `Qty_disp` int DEFAULT NULL,
  `Product_rate` decimal(10,2) DEFAULT NULL,
  PRIMARY KEY (`Order_no`,`Product_no`),
  KEY `Product_no` (`Product_no`),
  CONSTRAINT `sales_order_details_ibfk_1` FOREIGN KEY (`Order_no`) REFERENCES `sales_order` (`Order_no`),
  CONSTRAINT `sales_order_details_ibfk_2` FOREIGN KEY (`Product_no`) REFERENCES `product_master` (`Product_no`)
) ENGINE=InnoDB DEFAULT CHARSET=utf8mb4 COLLATE=utf8mb4_0900_ai_ci;
/*!40101 SET character_set_client = @saved_cs_client */;

--
-- Dumping data for table `sales_order_details`
--

LOCK TABLES `sales_order_details` WRITE;
/*!40000 ALTER TABLE `sales_order_details` DISABLE KEYS */;
INSERT INTO `sales_order_details` VALUES ('O1901','P001',4,4,525.00),('O1901','P002',2,1,8400.00),('O1901','P003',2,1,5250.00),('O1902','P001',10,0,525.00),('O1903','P004',1,1,12000.00),('O1903','P006',2,2,1050.00),('O1908','P005',1,0,8400.00),('O1908','P007',10,0,1050.00),('O4665','P002',3,3,3150.00),('O4665','P003',4,4,1050.00),('O4665','P004',3,1,5250.00),('O4665','P005',10,10,525.00);
/*!40000 ALTER TABLE `sales_order_details` ENABLE KEYS */;
UNLOCK TABLES;

--
-- Table structure for table `salesman_master`
--

DROP TABLE IF EXISTS `salesman_master`;
/*!40101 SET @saved_cs_client     = @@character_set_client */;
/*!50503 SET character_set_client = utf8mb4 */;
CREATE TABLE `salesman_master` (
  `S_no` varchar(6) NOT NULL,
  `S_name` varchar(15) NOT NULL,
  `City` varchar(10) DEFAULT NULL,
  `Pincode` int DEFAULT NULL,
  `State` varchar(12) DEFAULT NULL,
  `Sal_amt` decimal(8,2) NOT NULL,
  `Tgt_to_get` decimal(6,2) NOT NULL,
  `Yid_sales` decimal(6,2) NOT NULL,
  `Remarks` varchar(20) DEFAULT NULL,
  PRIMARY KEY (`S_no`),
  CONSTRAINT `salesman_master_chk_1` CHECK ((`S_no` like cast(_cp850'S%' as char charset binary))),
  CONSTRAINT `salesman_master_chk_2` CHECK ((`Sal_amt` <> 0)),
  CONSTRAINT `salesman_master_chk_3` CHECK ((`Tgt_to_get` <> 0))
) ENGINE=InnoDB DEFAULT CHARSET=utf8mb4 COLLATE=utf8mb4_0900_ai_ci;
/*!40101 SET character_set_client = @saved_cs_client */;

--
-- Dumping data for table `salesman_master`
--

LOCK TABLES `salesman_master` WRITE;
/*!40000 ALTER TABLE `salesman_master` DISABLE KEYS */;
INSERT INTO `salesman_master` VALUES ('S001','Kiran','Bombay',400002,'Maharashtra',3000.00,100.00,50.00,'Excellent'),('S002','Manish','Bombay',400001,'Maharashtra',3000.00,200.00,100.00,'Good'),('S003','Ravi','Bombay',400032,'Maharashtra',3000.00,200.00,100.00,'Average'),('S004','Ashish','Bombay',400044,'Maharashtra',3500.00,200.00,150.00,'Good');
/*!40000 ALTER TABLE `salesman_master` ENABLE KEYS */;
UNLOCK TABLES;

--
-- Table structure for table `student`
--

DROP TABLE IF EXISTS `student`;
/*!40101 SET @saved_cs_client     = @@character_set_client */;
/*!50503 SET character_set_client = utf8mb4 */;
CREATE TABLE `student` (
  `Student_rollno` int DEFAULT NULL,
  `FirstName` varchar(50) DEFAULT NULL,
  `LastName` varchar(50) DEFAULT NULL,
  `branch` varchar(20) DEFAULT NULL,
  `marks_obtained` int DEFAULT NULL,
  `total_marks` int DEFAULT NULL,
  `Gender` char(1) DEFAULT NULL,
  `Address` varchar(100) DEFAULT NULL,
  `Email` varchar(100) DEFAULT NULL,
  `Phone` varchar(20) DEFAULT NULL
) ENGINE=InnoDB DEFAULT CHARSET=utf8mb4 COLLATE=utf8mb4_0900_ai_ci;
/*!40101 SET character_set_client = @saved_cs_client */;

--
-- Dumping data for table `student`
--

LOCK TABLES `student` WRITE;
/*!40000 ALTER TABLE `student` DISABLE KEYS */;
INSERT INTO `student` VALUES (1,'Rudra','Patel','cs',90,100,'M','Ahmedabad','asdf1234@student.com','555-123-4567'),(2,'Saniya','Patel','bda',85,100,'F','Vadodara','zxcv4567@student.com','555-123-4568'),(3,'Veer','Patel','cba',80,100,'M','Gandhinagar','qwer0987@student.com','555-123-4569');
/*!40000 ALTER TABLE `student` ENABLE KEYS */;
UNLOCK TABLES;

--
-- Final view structure for view `actorview`
--

/*!50001 DROP VIEW IF EXISTS `actorview`*/;
/*!50001 SET @saved_cs_client          = @@character_set_client */;
/*!50001 SET @saved_cs_results         = @@character_set_results */;
/*!50001 SET @saved_col_connection     = @@collation_connection */;
/*!50001 SET character_set_client      = cp850 */;
/*!50001 SET character_set_results     = cp850 */;
/*!50001 SET collation_connection      = cp850_general_ci */;
/*!50001 CREATE ALGORITHM=UNDEFINED */
/*!50013 DEFINER=`root`@`localhost` SQL SECURITY DEFINER */
/*!50001 VIEW `actorview` AS select `actor`.`actor_id` AS `Actor_id`,`actor`.`first_name` AS `First_name`,`actor`.`last_name` AS `Last_name`,`actor`.`last_update` AS `Last_update` from `actor` where ((`actor`.`first_name` like 'A%') and (`actor`.`last_name` like '%A%')) */;
/*!50001 SET character_set_client      = @saved_cs_client */;
/*!50001 SET character_set_results     = @saved_cs_results */;
/*!50001 SET collation_connection      = @saved_col_connection */;

--
-- Final view structure for view `departmemnts_with_no_employees`
--

/*!50001 DROP VIEW IF EXISTS `departmemnts_with_no_employees`*/;
/*!50001 SET @saved_cs_client          = @@character_set_client */;
/*!50001 SET @saved_cs_results         = @@character_set_results */;
/*!50001 SET @saved_col_connection     = @@collation_connection */;
/*!50001 SET character_set_client      = cp850 */;
/*!50001 SET character_set_results     = cp850 */;
/*!50001 SET collation_connection      = cp850_general_ci */;
/*!50001 CREATE ALGORITHM=UNDEFINED */
/*!50013 DEFINER=`root`@`localhost` SQL SECURITY DEFINER */
/*!50001 VIEW `departmemnts_with_no_employees` AS select `d`.`DEPARTMENT_ID` AS `department_id`,`d`.`DEPARTMENT_NAME` AS `department_name`,`l`.`CITY` AS `city` from ((`departments` `d` join `locations` `l` on((`d`.`LOCATION_ID` = `l`.`LOCATION_ID`))) left join `employees` `e` on((`d`.`DEPARTMENT_ID` = `e`.`DEPARTMENT_ID`))) where (`e`.`EMPLOYEE_ID` is null) */;
/*!50001 SET character_set_client      = @saved_cs_client */;
/*!50001 SET character_set_results     = @saved_cs_results */;
/*!50001 SET collation_connection      = @saved_col_connection */;

--
-- Final view structure for view `department_addresses`
--

/*!50001 DROP VIEW IF EXISTS `department_addresses`*/;
/*!50001 SET @saved_cs_client          = @@character_set_client */;
/*!50001 SET @saved_cs_results         = @@character_set_results */;
/*!50001 SET @saved_col_connection     = @@collation_connection */;
/*!50001 SET character_set_client      = utf8mb4 */;
/*!50001 SET character_set_results     = utf8mb4 */;
/*!50001 SET collation_connection      = utf8mb4_0900_ai_ci */;
/*!50001 CREATE ALGORITHM=UNDEFINED */
/*!50013 DEFINER=`root`@`localhost` SQL SECURITY DEFINER */
/*!50001 VIEW `department_addresses` AS select `d`.`DEPARTMENT_NAME` AS `department_name`,`l`.`LOCATION_ID` AS `location_id`,`l`.`STREET_ADDRESS` AS `street_address`,`l`.`CITY` AS `city`,`l`.`STATE_PROVINCE` AS `state_province`,`c`.`COUNTRY_NAME` AS `country_name` from ((`departments` `d` join `locations` `l` on((`d`.`LOCATION_ID` = `l`.`LOCATION_ID`))) join `countries` `c` on((`l`.`COUNTRY_ID` = `c`.`COUNTRY_ID`))) */;
/*!50001 SET character_set_client      = @saved_cs_client */;
/*!50001 SET character_set_results     = @saved_cs_results */;
/*!50001 SET collation_connection      = @saved_col_connection */;

--
-- Final view structure for view `deppartments_salary_difference`
--

/*!50001 DROP VIEW IF EXISTS `deppartments_salary_difference`*/;
/*!50001 SET @saved_cs_client          = @@character_set_client */;
/*!50001 SET @saved_cs_results         = @@character_set_results */;
/*!50001 SET @saved_col_connection     = @@collation_connection */;
/*!50001 SET character_set_client      = cp850 */;
/*!50001 SET character_set_results     = cp850 */;
/*!50001 SET collation_connection      = cp850_general_ci */;
/*!50001 CREATE ALGORITHM=UNDEFINED */
/*!50013 DEFINER=`root`@`localhost` SQL SECURITY DEFINER */
/*!50001 VIEW `deppartments_salary_difference` AS select `d`.`DEPARTMENT_NAME` AS `department_name` from (`departments` `d` join `employees` `e` on((`d`.`DEPARTMENT_ID` = `e`.`DEPARTMENT_ID`))) group by `d`.`DEPARTMENT_NAME` having ((max(`e`.`SALARY`) - min(`e`.`SALARY`)) > 4000) */;
/*!50001 SET character_set_client      = @saved_cs_client */;
/*!50001 SET character_set_results     = @saved_cs_results */;
/*!50001 SET collation_connection      = @saved_col_connection */;

--
-- Final view structure for view `deptaddresses`
--

/*!50001 DROP VIEW IF EXISTS `deptaddresses`*/;
/*!50001 SET @saved_cs_client          = @@character_set_client */;
/*!50001 SET @saved_cs_results         = @@character_set_results */;
/*!50001 SET @saved_col_connection     = @@collation_connection */;
/*!50001 SET character_set_client      = cp850 */;
/*!50001 SET character_set_results     = cp850 */;
/*!50001 SET collation_connection      = cp850_general_ci */;
/*!50001 CREATE ALGORITHM=UNDEFINED */
/*!50013 DEFINER=`root`@`localhost` SQL SECURITY DEFINER */
/*!50001 VIEW `deptaddresses` AS select `d`.`DEPARTMENT_NAME` AS `department_name`,`l`.`LOCATION_ID` AS `location_id`,`l`.`STREET_ADDRESS` AS `street_address`,`l`.`CITY` AS `city`,`l`.`STATE_PROVINCE` AS `state_province`,`c`.`COUNTRY_NAME` AS `country_name` from ((`departments` `d` join `locations` `l` on((`d`.`LOCATION_ID` = `l`.`LOCATION_ID`))) join `countries` `c` on((`l`.`COUNTRY_ID` = `c`.`COUNTRY_ID`))) */;
/*!50001 SET character_set_client      = @saved_cs_client */;
/*!50001 SET character_set_results     = @saved_cs_results */;
/*!50001 SET collation_connection      = @saved_col_connection */;

--
-- Final view structure for view `employee_country_names`
--

/*!50001 DROP VIEW IF EXISTS `employee_country_names`*/;
/*!50001 SET @saved_cs_client          = @@character_set_client */;
/*!50001 SET @saved_cs_results         = @@character_set_results */;
/*!50001 SET @saved_col_connection     = @@collation_connection */;
/*!50001 SET character_set_client      = cp850 */;
/*!50001 SET character_set_results     = cp850 */;
/*!50001 SET collation_connection      = cp850_general_ci */;
/*!50001 CREATE ALGORITHM=UNDEFINED */
/*!50013 DEFINER=`root`@`localhost` SQL SECURITY DEFINER */
/*!50001 VIEW `employee_country_names` AS select concat(`e`.`FIRST_NAME`,' ',`e`.`LAST_NAME`) AS `full_name`,`c`.`COUNTRY_NAME` AS `country_name` from (((`employees` `e` join `departments` `d` on((`e`.`DEPARTMENT_ID` = `d`.`DEPARTMENT_ID`))) join `locations` `l` on((`d`.`LOCATION_ID` = `l`.`LOCATION_ID`))) join `countries` `c` on((`l`.`COUNTRY_ID` = `c`.`COUNTRY_ID`))) */;
/*!50001 SET character_set_client      = @saved_cs_client */;
/*!50001 SET character_set_results     = @saved_cs_results */;
/*!50001 SET collation_connection      = @saved_col_connection */;

--
-- Final view structure for view `employees_hired_before_susan`
--

/*!50001 DROP VIEW IF EXISTS `employees_hired_before_susan`*/;
/*!50001 SET @saved_cs_client          = @@character_set_client */;
/*!50001 SET @saved_cs_results         = @@character_set_results */;
/*!50001 SET @saved_col_connection     = @@collation_connection */;
/*!50001 SET character_set_client      = cp850 */;
/*!50001 SET character_set_results     = cp850 */;
/*!50001 SET collation_connection      = cp850_general_ci */;
/*!50001 CREATE ALGORITHM=UNDEFINED */
/*!50013 DEFINER=`root`@`localhost` SQL SECURITY DEFINER */
/*!50001 VIEW `employees_hired_before_susan` AS select concat(`employees`.`FIRST_NAME`,' ',`employees`.`LAST_NAME`) AS `full_name`,`employees`.`HIRE_DATE` AS `hire_date` from `employees` where (`employees`.`HIRE_DATE` < (select `employees`.`HIRE_DATE` from `employees` where ((`employees`.`FIRST_NAME` = 'Susan') and (`employees`.`LAST_NAME` = 'Mavris')))) */;
/*!50001 SET character_set_client      = @saved_cs_client */;
/*!50001 SET character_set_results     = @saved_cs_results */;
/*!50001 SET collation_connection      = @saved_col_connection */;

--
-- Final view structure for view `high_salary_employees`
--

/*!50001 DROP VIEW IF EXISTS `high_salary_employees`*/;
/*!50001 SET @saved_cs_client          = @@character_set_client */;
/*!50001 SET @saved_cs_results         = @@character_set_results */;
/*!50001 SET @saved_col_connection     = @@collation_connection */;
/*!50001 SET character_set_client      = cp850 */;
/*!50001 SET character_set_results     = cp850 */;
/*!50001 SET collation_connection      = cp850_general_ci */;
/*!50001 CREATE ALGORITHM=UNDEFINED */
/*!50013 DEFINER=`root`@`localhost` SQL SECURITY DEFINER */
/*!50001 VIEW `high_salary_employees` AS select `employees`.`FIRST_NAME` AS `first_name`,`employees`.`LAST_NAME` AS `last_name`,`employees`.`SALARY` AS `salary` from `employees` where (`employees`.`SALARY` > (select avg(`employees`.`SALARY`) from `employees`)) */;
/*!50001 SET character_set_client      = @saved_cs_client */;
/*!50001 SET character_set_results     = @saved_cs_results */;
/*!50001 SET collation_connection      = @saved_col_connection */;

--
-- Final view structure for view `high_salary_jobs`
--

/*!50001 DROP VIEW IF EXISTS `high_salary_jobs`*/;
/*!50001 SET @saved_cs_client          = @@character_set_client */;
/*!50001 SET @saved_cs_results         = @@character_set_results */;
/*!50001 SET @saved_col_connection     = @@collation_connection */;
/*!50001 SET character_set_client      = cp850 */;
/*!50001 SET character_set_results     = cp850 */;
/*!50001 SET collation_connection      = cp850_general_ci */;
/*!50001 CREATE ALGORITHM=UNDEFINED */
/*!50013 DEFINER=`root`@`localhost` SQL SECURITY DEFINER */
/*!50001 VIEW `high_salary_jobs` AS select `j`.`JOB_ID` AS `job_id`,`j`.`JOB_TITLE` AS `job_title`,max(`e`.`SALARY`) AS `max_salary` from (`employees` `e` join `jobs` `j` on((`e`.`JOB_ID` = `j`.`JOB_ID`))) group by `j`.`JOB_ID`,`j`.`JOB_TITLE` having (max(`e`.`SALARY`) >= 4000) */;
/*!50001 SET character_set_client      = @saved_cs_client */;
/*!50001 SET character_set_results     = @saved_cs_results */;
/*!50001 SET collation_connection      = @saved_col_connection */;

--
-- Final view structure for view `job_duration_view`
--

/*!50001 DROP VIEW IF EXISTS `job_duration_view`*/;
/*!50001 SET @saved_cs_client          = @@character_set_client */;
/*!50001 SET @saved_cs_results         = @@character_set_results */;
/*!50001 SET @saved_col_connection     = @@collation_connection */;
/*!50001 SET character_set_client      = cp850 */;
/*!50001 SET character_set_results     = cp850 */;
/*!50001 SET collation_connection      = cp850_general_ci */;
/*!50001 CREATE ALGORITHM=UNDEFINED */
/*!50013 DEFINER=`root`@`localhost` SQL SECURITY DEFINER */
/*!50001 VIEW `job_duration_view` AS select `e`.`EMPLOYEE_ID` AS `employee_id`,`j`.`JOB_TITLE` AS `job_title`,(to_days(`jh`.`END_DATE`) - to_days(`jh`.`START_DATE`)) AS `duration_days` from ((`employees` `e` join `job_history` `jh` on((`e`.`EMPLOYEE_ID` = `jh`.`EMPLOYEE_ID`))) join `jobs` `j` on((`jh`.`JOB_ID` = `j`.`JOB_ID`))) where (`e`.`DEPARTMENT_ID` in (80,90)) */;
/*!50001 SET character_set_client      = @saved_cs_client */;
/*!50001 SET character_set_results     = @saved_cs_results */;
/*!50001 SET collation_connection      = @saved_col_connection */;

--
-- Final view structure for view `languageview`
--

/*!50001 DROP VIEW IF EXISTS `languageview`*/;
/*!50001 SET @saved_cs_client          = @@character_set_client */;
/*!50001 SET @saved_cs_results         = @@character_set_results */;
/*!50001 SET @saved_col_connection     = @@collation_connection */;
/*!50001 SET character_set_client      = cp850 */;
/*!50001 SET character_set_results     = cp850 */;
/*!50001 SET collation_connection      = cp850_general_ci */;
/*!50001 CREATE ALGORITHM=UNDEFINED */
/*!50013 DEFINER=`root`@`localhost` SQL SECURITY DEFINER */
/*!50001 VIEW `languageview` AS select `language`.`Language_id` AS `Language_id`,`language`.`Name` AS `Name`,`language`.`Last_update` AS `Last_update` from `language` */;
/*!50001 SET character_set_client      = @saved_cs_client */;
/*!50001 SET character_set_results     = @saved_cs_results */;
/*!50001 SET collation_connection      = @saved_col_connection */;

--
-- Final view structure for view `manager_names`
--

/*!50001 DROP VIEW IF EXISTS `manager_names`*/;
/*!50001 SET @saved_cs_client          = @@character_set_client */;
/*!50001 SET @saved_cs_results         = @@character_set_results */;
/*!50001 SET @saved_col_connection     = @@collation_connection */;
/*!50001 SET character_set_client      = cp850 */;
/*!50001 SET character_set_results     = cp850 */;
/*!50001 SET collation_connection      = cp850_general_ci */;
/*!50001 CREATE ALGORITHM=UNDEFINED */
/*!50013 DEFINER=`root`@`localhost` SQL SECURITY DEFINER */
/*!50001 VIEW `manager_names` AS select `e`.`FIRST_NAME` AS `first_name`,`e`.`LAST_NAME` AS `last_name` from `employees` `e` where `e`.`EMPLOYEE_ID` in (select distinct `employees`.`MANAGER_ID` from `employees`) */;
/*!50001 SET character_set_client      = @saved_cs_client */;
/*!50001 SET character_set_results     = @saved_cs_results */;
/*!50001 SET collation_connection      = @saved_col_connection */;

--
-- Final view structure for view `mylanguageview`
--

/*!50001 DROP VIEW IF EXISTS `mylanguageview`*/;
/*!50001 SET @saved_cs_client          = @@character_set_client */;
/*!50001 SET @saved_cs_results         = @@character_set_results */;
/*!50001 SET @saved_col_connection     = @@collation_connection */;
/*!50001 SET character_set_client      = cp850 */;
/*!50001 SET character_set_results     = cp850 */;
/*!50001 SET collation_connection      = cp850_general_ci */;
/*!50001 CREATE ALGORITHM=UNDEFINED */
/*!50013 DEFINER=`root`@`localhost` SQL SECURITY DEFINER */
/*!50001 VIEW `mylanguageview` AS select `language`.`Language_id` AS `Language_id`,`language`.`Name` AS `Name`,`language`.`Last_update` AS `Last_update` from `language` where (`language`.`Last_update` = '2006-02-15 05:02:19') */
/*!50002 WITH CASCADED CHECK OPTION */;
/*!50001 SET character_set_client      = @saved_cs_client */;
/*!50001 SET character_set_results     = @saved_cs_results */;
/*!50001 SET collation_connection      = @saved_col_connection */;
/*!40103 SET TIME_ZONE=@OLD_TIME_ZONE */;

/*!40101 SET SQL_MODE=@OLD_SQL_MODE */;
/*!40014 SET FOREIGN_KEY_CHECKS=@OLD_FOREIGN_KEY_CHECKS */;
/*!40014 SET UNIQUE_CHECKS=@OLD_UNIQUE_CHECKS */;
/*!40101 SET CHARACTER_SET_CLIENT=@OLD_CHARACTER_SET_CLIENT */;
/*!40101 SET CHARACTER_SET_RESULTS=@OLD_CHARACTER_SET_RESULTS */;
/*!40101 SET COLLATION_CONNECTION=@OLD_COLLATION_CONNECTION */;
/*!40111 SET SQL_NOTES=@OLD_SQL_NOTES */;

-- Dump completed on 2023-10-18  9:31:43
